sar_id,filing_date,institution_name,branch_name,branch_city,primary_regulator,contact_office,law_enforcement_notified,customer_id,customer_name,account_number,date_of_birth,occupation,customer_type,kyc_risk,relationship_years,address,country,activity_start_date,activity_end_date,total_amount,number_of_transactions,international_transfer_flag,high_risk_geo_flag,avg_transaction_amount,max_transaction_amount,unique_counterparties,velocity_score,structuring_flag,rapid_movement_flag,layering_flag,mule_account_flag,deviation_score,previous_alerts,previous_sar_flag,historical_risk_score,profile_deviation_flag,fraud_category,typology_matched,triggered_rules,explainability_notes,supporting_evidence,loss_amount,material_impact_flag,amount_recovered,analyst_name,analyst_title,analyst_phone,review_status,risk_score,risk_level,attention_required,generated_sar_narrative
SAR00000,2026-01-05,Unity Financial Services,Collins-Wilson,Fitzgeraldport,Federal Reserve,+1-261-920-3419,1,CUST00000,Rachel Navarro,CBJW19506634942951,2005-09-18,Business Owner,Corporate,Low,12,"49747 Simon Loop
Port Joseland, AR 94762",UAE,2026-01-15,2026-01-09,1697743,193,0,0,8796.59585492228,737180,39,4.458327528535912,0,0,0,0,3.34,2,0,9.385527090157503,0,Terror Financing,Structuring,RULE_001,Multiple suspicious transaction patterns detected.,High-value structured transactions across multiple accounts,340341,1,314497,Cynthia Murphy,AML Analyst,908-685-6499x54426,Rejected,2,Low,0,
SAR00001,2026-02-13,Secure National Bank,Hammond-Johnston,Toniburgh,Federal Reserve,001-663-511-4942x1673,1,CUST00001,Larry Owens,KHBA81550842863317,1986-05-16,Business Owner,Individual,Low,9,"01352 Elizabeth Grove Suite 124
Cruztown, NM 03758",UAE,2026-02-01,2026-02-09,1312371,93,0,0,14111.516129032258,922040,27,6.118528947223795,0,0,0,0,3.66,2,0,0.46450412719997725,0,Money Laundering,Rapid Movement,RULE_045,Multiple suspicious transaction patterns detected.,High-value structured transactions across multiple accounts,740868,0,25611,Alexis Stewart,AML Analyst,938-464-5274,Rejected,2,Low,0,
SAR00002,2026-01-18,Unity Financial Services,Riley Ltd,East Danfort,NCUA,655.822.5415,0,CUST00002,Zoe Reynolds,CFZA56429877689746,1918-05-28,Student,Corporate,Low,14,"85111 Thomas Island Apt. 125
Victoriahaven, PW 46121",UK,2026-01-20,2026-02-01,3390659,18,0,0,188369.94444444444,3355769,9,0.15966252220214194,0,0,0,0,6.83,3,0,3.910606075732408,1,Fraud,Structuring,RULE_045,Multiple suspicious transaction patterns detected.,High-value structured transactions across multiple accounts,1048872,1,432467,Michelle Blanchard,AML Analyst,566.669.1675x8627,Rejected,2,Low,0,
SAR00003,2026-02-14,Secure National Bank,"Kent, Le and Hahn",South Valerie,FDIC,780.651.4616,1,CUST00003,Regina Cox,LWGI39722266638966,2003-10-30,Trader,Individual,Low,10,"347 Lisa Courts Apt. 178
North Erinshire, NC 45390",Singapore,2026-02-12,2026-02-15,276836,195,0,1,1419.6717948717949,207283,34,3.9515023600181443,1,1,1,0,8.45,4,0,9.65255307264138,1,Money Laundering,Structuring,RULE_120,Multiple suspicious transaction patterns detected.,High-value structured transactions across multiple accounts,156196,0,24605,Austin Gonzalez,AML Analyst,872.809.9869x34601,Pending,5,Medium,1,
SAR00004,2026-01-28,Secure National Bank,Delgado-Meyer,Smithside,FDIC,+1-426-987-1237,1,CUST00004,Seth Brown,ZVYJ80735460732430,1926-07-16,Student,Corporate,Low,8,"2124 Davies Rapids Suite 575
Peterton, MA 36891",UK,2026-01-18,2026-01-22,53984,75,1,0,719.7866666666666,7568,24,3.9488151817556973,0,1,0,0,9.26,1,0,4.494506741382034,1,Money Laundering,Mule Network,RULE_001,Multiple suspicious transaction patterns detected.,High-value structured transactions across multiple accounts,13887,0,10832,Shannon Sanchez,AML Analyst,(670)980-8929,Rejected,2,Low,0,
SAR00005,2026-02-09,Secure National Bank,"Townsend, Pacheco and Austin",Lake Margaretbury,NCUA,750.650.8465,0,CUST00005,Samantha Spencer,QTYK70222450980192,1923-10-09,Student,Corporate,High,10,"66671 Connie Freeway
Tammyfurt, NY 12138",UAE,2026-01-10,2026-01-30,3607279,39,1,1,92494.33333333333,2303816,35,1.195942459383017,0,0,0,0,5.61,2,0,4.393365018657701,0,Money Laundering,Structuring,RULE_045,Multiple suspicious transaction patterns detected.,High-value structured transactions across multiple accounts,1158050,1,514437,Jessica Kelly,AML Analyst,001-450-269-0532x40457,Approved,3,Medium,1,
SAR00006,2026-01-04,Global Trust Bank,"Miller, Marshall and Lopez",Rayport,Federal Reserve,617.392.0572,1,CUST00006,Logan Gardner,GONF21628489119178,2013-10-17,Business Owner,Corporate,Medium,13,"022 Deleon Haven Suite 372
Lake Nicole, DE 94525",UK,2026-01-31,2026-01-18,879371,155,0,1,5673.36129032258,732270,45,5.398410913016731,0,0,0,0,5.99,2,0,2.95633685837714,0,Fraud,Layering,RULE_089,Multiple suspicious transaction patterns detected.,High-value structured transactions across multiple accounts,231535,0,57627,Brian Harris,AML Analyst,(650)318-0381,Approved,0,Low,0,
SAR00007,2026-01-25,Global Trust Bank,Bennett-Coleman,East Nicholashaven,NCUA,759.343.8609x64016,1,CUST00007,Janice Leon,YETY68827923475474,2021-01-03,Trader,Individual,High,7,"15014 Lambert Prairie
Mezaton, IN 88772",UAE,2026-01-27,2026-01-22,2014021,79,1,0,25493.936708860758,547335,28,3.5629783807697493,0,0,0,0,6.48,0,0,1.6465585314294173,1,Terror Financing,Layering,RULE_120,Multiple suspicious transaction patterns detected.,High-value structured transactions across multiple accounts,1048204,0,418374,William Hernandez,AML Analyst,682.224.4670x44841,Approved,3,Medium,1,
SAR00008,2026-01-11,Secure National Bank,"Baker, Watts and Schneider",Granthaven,NCUA,5956826741,1,CUST00008,Jane Howard,YPZR87925071287567,1953-01-31,Doctor,Individual,High,12,"5679 Lisa Trace Suite 228
South Robert, NJ 94182",Singapore,2026-01-06,2026-01-23,1389250,122,0,0,11387.295081967213,66087,32,5.581020020173412,1,0,0,0,1.48,0,0,0.5147875124998935,0,Money Laundering,Layering,RULE_001,Multiple suspicious transaction patterns detected.,High-value structured transactions across multiple accounts,510115,1,99843,Matthew Ortiz,AML Analyst,(238)252-8346x941,Approved,4,Medium,1,
SAR00009,2026-02-15,Secure National Bank,Sanders-Mcbride,Matthewtown,FDIC,482-870-3356,0,CUST00009,April Huang,VHYJ02404240465442,1980-07-28,Business Owner,Individual,High,13,"260 Watson Roads Apt. 626
Shirleyside, KY 72680",Singapore,2026-02-01,2026-01-02,2227809,164,0,1,13584.201219512195,686669,32,5.926967238793935,0,1,0,0,3.99,0,0,8.583588048137198,0,Terror Financing,Mule Network,RULE_120,Multiple suspicious transaction patterns detected.,High-value structured transactions across multiple accounts,881266,0,475291,Brandon Johnson,AML Analyst,515.748.2115x22528,Rejected,3,Medium,1,
SAR00010,2026-01-15,Secure National Bank,Gray Inc,Garciaberg,Federal Reserve,(422)636-9377,0,CUST00010,Brian Jones,QEIS21206575062924,1976-05-10,Trader,Individual,Low,14,"16882 Frazier Camp Suite 197
New John, VT 05929",USA,2026-01-19,2026-01-12,4341787,100,0,1,43417.87,2038350,41,6.90937738102466,0,0,0,0,1.38,3,0,6.957843993450822,0,Fraud,Rapid Movement,RULE_120,Multiple suspicious transaction patterns detected.,High-value structured transactions across multiple accounts,1463746,0,1279309,Mary Clark,AML Analyst,001-415-397-2879,Rejected,2,Low,0,
SAR00011,2026-01-06,Secure National Bank,Evans-Gomez,Erinstad,FDIC,(804)967-6025x50011,1,CUST00011,Amy French,SDRE61458926956092,2011-09-29,Engineer,Individual,High,3,"6810 Douglas Summit Suite 169
North Kennethton, GU 96779",UK,2026-01-02,2026-01-02,4572920,6,0,1,762153.3333333334,691976,48,9.654193512887936,0,0,0,0,1.89,0,0,8.563242918780924,0,Money Laundering,Structuring,RULE_001,Multiple suspicious transaction patterns detected.,High-value structured transactions across multiple accounts,2024453,1,1167368,Jillian Adams,AML Analyst,749.247.2900x03656,Pending,2,Low,0,
SAR00012,2026-01-02,Unity Financial Services,Jackson-Lee,Nicoleland,Federal Reserve,407.523.3333x04627,0,CUST00012,Edwin Thomas,JJZS43898693285636,1916-08-18,Doctor,Corporate,High,6,"5264 Clark Crest Suite 859
Hunterbury, LA 66729",India,2026-02-14,2026-01-10,796971,170,0,1,4688.064705882353,189423,20,5.806866214364547,0,0,0,0,9.74,1,0,4.4842414298624735,1,Account Takeover,Mule Network,RULE_120,Multiple suspicious transaction patterns detected.,High-value structured transactions across multiple accounts,634926,0,4321,Derek Stephens,AML Analyst,(371)798-7965,Rejected,0,Low,0,
SAR00013,2026-01-30,Secure National Bank,"Guzman, Cain and Malone",Michaelstad,NCUA,912.528.9394,1,CUST00013,Lauren Rodriguez,DQQO43735655852398,2000-09-21,Business Owner,Individual,High,11,"954 Andrea Cape
Marcshire, WY 83154",USA,2026-01-31,2026-01-03,4679351,152,0,0,30785.20394736842,133391,7,7.209399242521293,0,0,0,0,5.09,4,0,7.948113035416484,0,Fraud,Smurfing,RULE_001,Multiple suspicious transaction patterns detected.,High-value structured transactions across multiple accounts,2347079,0,691398,Rose Kline,AML Analyst,840-902-6528x9833,Approved,2,Low,0,
SAR00014,2026-02-15,Secure National Bank,Bates Ltd,Port Annshire,Federal Reserve,630-766-2304,1,CUST00014,Eric Carpenter,JZRD30615375915247,1994-05-17,Consultant,Individual,High,4,"5867 Michelle Isle
Chadstad, CT 12463",Singapore,2026-01-23,2026-01-05,4929207,151,1,1,32643.754966887416,3777962,49,0.4360377175443375,1,1,1,0,3.31,4,0,2.944488920695857,0,Terror Financing,Rapid Movement,RULE_001,Multiple suspicious transaction patterns detected.,High-value structured transactions across multiple accounts,2124777,1,468652,Samuel Norris,AML Analyst,(681)210-1016,Rejected,8,High,1,
SAR00015,2026-01-02,Secure National Bank,Greene-Johnson,Port Donald,NCUA,386-966-1702,0,CUST00015,Charles Walton,VYDL29596081665810,1951-02-13,Student,Individual,Low,13,"741 Coffey View Suite 257
Elijahhaven, GU 25470",Singapore,2026-02-06,2026-02-02,694944,58,0,0,11981.793103448275,370890,40,0.704161308495439,0,0,1,0,8.49,0,0,2.965101436477985,1,Terror Financing,Rapid Movement,RULE_001,Multiple suspicious transaction patterns detected.,High-value structured transactions across multiple accounts,314023,0,127490,Eric House,AML Analyst,576-323-8374x377,Rejected,2,Low,0,
SAR00016,2026-01-24,Secure National Bank,Mckenzie-Mejia,Laurieton,FDIC,833.524.2034x0924,0,CUST00016,Brian Johnson,KKSN45380509132236,1931-12-01,Business Owner,Individual,Medium,13,"977 Breanna Plaza Apt. 698
Port Heidi, VA 53371",Singapore,2026-01-06,2026-01-11,4047787,177,0,0,22868.853107344632,3933083,1,0.7094091699992766,1,0,0,1,6.72,2,0,8.389335020693633,1,Terror Financing,Structuring,RULE_045,Multiple suspicious transaction patterns detected.,High-value structured transactions across multiple accounts,2899198,0,47158,Brandy Rios,AML Analyst,+1-346-294-1976,Rejected,6,High,1,
SAR00017,2026-02-01,Global Trust Bank,Hunter and Sons,West Troystad,Federal Reserve,001-616-665-2322x156,1,CUST00017,Tara Davis,KMXX81422793657296,1981-12-31,Doctor,Corporate,Low,10,"82390 Carolyn Trafficway
South Ashleyland, UT 99423",USA,2026-01-18,2026-02-15,466243,105,0,0,4440.409523809524,118632,8,7.699935530986108,0,0,1,0,6.37,3,0,3.2295647294124596,1,Terror Financing,Layering,RULE_120,Multiple suspicious transaction patterns detected.,High-value structured transactions across multiple accounts,315698,0,61400,Deanna Clark,AML Analyst,743-937-7409,Rejected,2,Low,0,
SAR00018,2026-01-30,Global Trust Bank,Butler-Hawkins,Williamberg,FDIC,649.484.4163,1,CUST00018,David Young,VEZC74032369747887,1996-07-27,Student,Corporate,Low,5,"831 Jones Loop Suite 558
North Taylor, SC 69067",USA,2026-01-30,2026-01-05,3182945,121,0,0,26305.330578512396,188062,9,6.884999007653664,0,0,1,0,9.35,0,1,6.117207462343522,1,Terror Financing,Smurfing,RULE_120,Multiple suspicious transaction patterns detected.,High-value structured transactions across multiple accounts,1437927,0,339912,Carla Glover,AML Analyst,001-320-529-7698x3997,Rejected,4,Medium,1,
SAR00019,2026-02-02,Unity Financial Services,Escobar-Warren,Hillborough,FDIC,543-643-4582,1,CUST00019,Ashley Martin,FPGB76159178238203,1987-11-16,Consultant,Corporate,Low,4,"1517 Pearson Lakes Suite 343
Quinnmouth, VA 37819",UAE,2026-01-24,2026-02-13,3104320,33,0,1,94070.30303030302,14435,5,0.9415698826856012,0,0,0,0,1.75,1,0,1.7320186991001518,0,Terror Financing,Structuring,RULE_089,Multiple suspicious transaction patterns detected.,High-value structured transactions across multiple accounts,1428952,0,573538,Ann Dixon,AML Analyst,428.794.7197x065,Pending,2,Low,0,
SAR00020,2026-01-29,Unity Financial Services,"Smith, Lowe and Miller",Port Emilyfort,NCUA,(850)953-0784,1,CUST00020,Andrea Rios,CTCG94075255317594,1940-06-30,Engineer,Individual,Low,2,"7976 Manuel Flat
Billyfort, AR 50280",India,2026-02-04,2026-02-08,1646249,184,0,1,8947.005434782608,438374,10,6.258599157142363,0,0,0,0,6.59,3,0,0.26511310541621813,1,Money Laundering,Layering,RULE_001,Multiple suspicious transaction patterns detected.,High-value structured transactions across multiple accounts,907849,1,284212,Jason Miles,AML Analyst,+1-348-339-1077x91166,Pending,2,Low,0,
SAR00021,2026-01-24,Secure National Bank,"Bowman, Thompson and Simon",Alyssastad,Federal Reserve,4687266295,0,CUST00021,Louis Miller,LMZJ23283671558156,1922-06-20,Student,Individual,Medium,14,"361 Thomas Throughway
Jamesland, MD 94170",UK,2026-02-13,2026-02-13,3054851,37,0,1,82563.54054054055,1057576,43,9.41464808776525,0,0,0,0,9.05,3,0,0.18221825651549728,1,Terror Financing,Rapid Movement,RULE_045,Multiple suspicious transaction patterns detected.,High-value structured transactions across multiple accounts,784075,0,65241,Donald Barnett,AML Analyst,888.431.5254,Rejected,2,Low,0,
SAR00022,2026-02-15,Unity Financial Services,Fletcher Inc,North Josephside,NCUA,632.386.6430,1,CUST00022,Chase Green,LZQT01027632167531,2020-09-21,Consultant,Individual,Medium,3,"2164 Barrera Brooks
Samanthaport, MP 20569",UK,2026-01-17,2026-01-08,4838177,94,0,0,51469.96808510638,3358597,34,2.606945282359031,1,1,1,0,9.68,3,0,9.905051420006734,1,Terror Financing,Structuring,RULE_001,Multiple suspicious transaction patterns detected.,High-value structured transactions across multiple accounts,2165425,0,1126926,Michael Roberts,AML Analyst,(519)891-4612,Rejected,7,High,1,
SAR00023,2026-02-03,Secure National Bank,Cook-Smith,South Kristinafurt,FDIC,683.785.1101x76044,0,CUST00023,John Berg,IPVQ91513845335296,1998-02-24,Consultant,Corporate,Medium,9,"89508 Bonilla Cove Suite 966
West Katieport, TX 34027",India,2026-01-18,2026-02-11,4599877,41,0,0,112192.12195121951,1360531,49,6.798447799002458,1,1,0,0,2.98,2,0,8.471431440955898,0,Money Laundering,Structuring,RULE_120,Multiple suspicious transaction patterns detected.,High-value structured transactions across multiple accounts,1899487,1,933917,Marie Garcia,AML Analyst,899-567-2765x6800,Rejected,5,Medium,1,
SAR00024,2026-01-29,Secure National Bank,"Koch, Melton and Cooper",Makaylamouth,Federal Reserve,211.894.7647,1,CUST00024,Ryan Cowan,FVFH13406022851803,1929-04-14,Engineer,Individual,Low,10,"984 Norman Ferry Apt. 022
Codychester, ID 36948",USA,2026-02-11,2026-02-05,3604865,115,0,0,31346.652173913044,1192983,5,2.9321077169806453,0,0,0,0,7.52,0,0,0.5755876001664428,1,Account Takeover,Layering,RULE_120,Multiple suspicious transaction patterns detected.,High-value structured transactions across multiple accounts,1909559,0,960016,Ruth Berg,AML Analyst,371-617-5132x70652,Pending,2,Low,0,
SAR00025,2026-01-02,Secure National Bank,Clay Inc,Holthaven,FDIC,364-410-3835,1,CUST00025,Natalie Clayton,TVDD52884675884306,1916-10-24,Engineer,Individual,Medium,5,"86757 Christy Road
Port Robinburgh, WA 27049",USA,2026-02-08,2026-02-09,1781203,13,1,0,137015.61538461538,1208273,44,8.668687053108414,0,0,0,0,2.23,0,0,5.1332616869239285,0,Money Laundering,Structuring,RULE_001,Multiple suspicious transaction patterns detected.,High-value structured transactions across multiple accounts,605496,0,461227,Karen Harrell,AML Analyst,497.760.6502,Pending,3,Medium,1,
SAR00026,2026-01-20,Global Trust Bank,Hawkins PLC,Rodgersshire,Federal Reserve,001-275-706-9946x040,0,CUST00026,Timothy Hardin,LCXW52362972628661,2017-03-26,Consultant,Corporate,Medium,14,"4124 Barbara Course Suite 137
Robertsonbury, VA 47343",UAE,2026-01-24,2026-01-30,1538584,75,0,0,20514.453333333335,697440,45,7.533781852589416,0,0,0,0,7.77,2,0,4.926251042908591,1,Account Takeover,Structuring,RULE_045,Multiple suspicious transaction patterns detected.,High-value structured transactions across multiple accounts,318197,0,25988,Amanda Hubbard,AML Analyst,+1-977-230-4968x321,Approved,2,Low,0,
SAR00027,2026-01-28,Global Trust Bank,"Smith, Johnson and Ho",New Markside,FDIC,310-927-8686x20449,0,CUST00027,Sara Gutierrez,UDZV69789023673731,1932-12-17,Trader,Corporate,Medium,5,"3918 Davis Manors Apt. 661
Marthaberg, MP 86627",UK,2026-01-30,2026-01-19,1459908,131,1,0,11144.335877862595,1226992,39,7.460448792654233,1,0,1,0,9.63,3,1,0.4340078329817276,1,Account Takeover,Layering,RULE_045,Multiple suspicious transaction patterns detected.,High-value structured transactions across multiple accounts,1101918,1,110802,Michelle Alexander,AML Analyst,(759)567-7953,Approved,7,High,1,
SAR00028,2026-01-20,Global Trust Bank,Mcneil-Hodges,North Charleschester,Federal Reserve,(993)324-3271x7456,1,CUST00028,Christopher Thomas,TRNR51850402359795,1982-12-28,Student,Individual,High,8,"6280 Hall Prairie
West Kimberly, ID 84737",Singapore,2026-02-01,2026-01-08,863158,53,0,0,16286.0,829845,15,4.545410647677732,0,0,0,0,9.01,0,1,3.945217986081299,1,Money Laundering,Structuring,RULE_120,Multiple suspicious transaction patterns detected.,High-value structured transactions across multiple accounts,227920,0,43938,Jay Watson,AML Analyst,+1-612-807-3720x82779,Rejected,0,Low,0,
SAR00029,2026-02-08,Unity Financial Services,"Yang, Sims and Rojas",East Brittanyville,Federal Reserve,(421)690-4712x94136,1,CUST00029,Kyle Jensen,VNMK17266151331055,1930-09-05,Business Owner,Individual,Low,12,"44131 Kristin Lodge
East Carlchester, IN 48291",India,2026-01-25,2026-01-10,3780803,182,0,0,20773.64285714286,1349027,28,3.6034509520526825,0,0,0,0,0.32,0,0,2.709576425151299,0,Money Laundering,Layering,RULE_120,Multiple suspicious transaction patterns detected.,High-value structured transactions across multiple accounts,1058288,0,1066789,Phyllis Park,AML Analyst,818-392-6266x17113,Pending,2,Low,0,
SAR00030,2026-02-02,Unity Financial Services,"Martinez, Smith and Christensen",Loritown,Federal Reserve,+1-607-968-8034x97334,0,CUST00030,Randy Bryant,ZIAX17862739926748,2003-05-12,Student,Individual,High,1,"762 Cynthia Centers Suite 154
North Lauren, CO 91856",India,2026-01-01,2026-02-06,4662860,51,1,0,91428.62745098039,1183049,10,9.327284833540133,0,0,0,0,0.26,0,0,3.7673896993794074,0,Account Takeover,Rapid Movement,RULE_089,Multiple suspicious transaction patterns detected.,High-value structured transactions across multiple accounts,3029679,0,1159883,Adam Ruiz,AML Analyst,3739111796,Approved,3,Medium,1,
SAR00031,2026-01-03,Global Trust Bank,Scott Inc,South Theresaburgh,NCUA,001-625-813-3612x093,0,CUST00031,Alexander Montes,EBUR96688588688858,1998-05-13,Doctor,Corporate,Low,5,"7786 Kimberly Unions Apt. 903
Houstonland, IL 38927",Singapore,2026-02-07,2026-01-21,4350760,102,0,0,42654.509803921566,3256298,1,0.13671964826997285,0,0,0,0,5.34,4,1,7.26120844071848,0,Account Takeover,Layering,RULE_089,Multiple suspicious transaction patterns detected.,High-value structured transactions across multiple accounts,2846479,0,314670,Mr. Adam Evans,AML Analyst,272-380-1079x75138,Approved,2,Low,0,
SAR00032,2026-01-13,Secure National Bank,Kelley Inc,Port Brendamouth,Federal Reserve,+1-738-456-2509x49818,1,CUST00032,Sabrina Matthews,GZNH67391396358585,1946-06-21,Business Owner,Corporate,High,12,"813 Diaz Pass Apt. 893
South Robert, NH 93362",USA,2026-02-07,2026-01-16,3982266,177,0,0,22498.677966101695,3036756,4,2.2864280550346274,1,0,1,0,7.72,2,0,5.609379715353863,1,Money Laundering,Structuring,RULE_045,Multiple suspicious transaction patterns detected.,High-value structured transactions across multiple accounts,2891093,0,160105,Brandon Davis,AML Analyst,505.506.0763x8641,Rejected,6,High,1,
SAR00033,2026-02-10,Secure National Bank,Hayes-Morris,New Christian,Federal Reserve,207-881-5827x33329,0,CUST00033,Heather Porter,SMRO30055412179663,1929-07-19,Trader,Individual,Low,7,"086 April Plaza Suite 165
Rachelview, RI 32011",Singapore,2026-01-05,2026-01-04,2966293,70,0,1,42375.614285714284,1539026,39,1.3637147558676976,0,1,0,1,3.48,0,0,5.236022760150112,0,Fraud,Layering,RULE_120,Multiple suspicious transaction patterns detected.,High-value structured transactions across multiple accounts,1834904,1,408767,Vicki Hall,AML Analyst,001-517-461-0245,Rejected,5,Medium,1,
SAR00034,2026-01-23,Unity Financial Services,Hopkins Ltd,Edwardshire,FDIC,001-853-651-8790x1038,0,CUST00034,James Peterson,OJHP13752766785112,1914-07-25,Student,Individual,High,7,"741 Moore Mountain
Alexandriahaven, SD 92204",USA,2026-01-27,2026-01-16,1859971,88,0,0,21136.034090909092,655199,5,9.800325752854771,0,0,0,0,6.33,2,0,5.847661059491537,1,Fraud,Structuring,RULE_045,Multiple suspicious transaction patterns detected.,High-value structured transactions across multiple accounts,818722,0,100475,Chase Stafford,AML Analyst,572-551-7339x524,Approved,2,Low,0,
SAR00035,2026-01-05,Global Trust Bank,Lee-Barajas,West Victor,Federal Reserve,+1-337-501-6398x38019,0,CUST00035,Emma Smith,RIYE39370871184454,2005-03-27,Doctor,Individual,Medium,5,"377 Martin Ford Apt. 003
Matthewstown, AK 98428",Singapore,2026-01-07,2026-02-07,1310794,100,0,0,13107.94,431650,29,9.731103492701044,0,0,0,0,8.22,1,0,5.487153092074086,1,Terror Financing,Smurfing,RULE_045,Multiple suspicious transaction patterns detected.,High-value structured transactions across multiple accounts,682470,0,351640,Susan Gregory,AML Analyst,(370)891-8872x881,Rejected,2,Low,0,
SAR00036,2026-01-23,Unity Financial Services,Stone-Sandoval,South Michelle,FDIC,827.359.7518,1,CUST00036,Michael Ford,WGNK39192974939586,1917-08-17,Student,Corporate,Medium,8,"085 Watson Spurs
Masonbury, AL 46744",India,2026-02-08,2026-01-03,96865,49,0,0,1976.8367346938776,86818,9,0.9229058622874609,1,0,1,1,8.68,0,0,4.845229851910213,1,Money Laundering,Mule Network,RULE_089,Multiple suspicious transaction patterns detected.,High-value structured transactions across multiple accounts,55305,0,13441,Paul Khan,AML Analyst,(923)462-7786x647,Pending,6,High,1,
SAR00037,2026-01-30,Global Trust Bank,Garcia Ltd,South Susan,FDIC,855.964.8196,0,CUST00037,Christopher Smith,MAJQ48466337804146,1955-08-20,Engineer,Corporate,Low,9,"638 Crystal Gardens
Norrisbury, RI 57328",UK,2026-02-13,2026-01-31,2083007,119,0,0,17504.26050420168,1976206,3,8.952068376871994,0,0,0,0,1.07,1,0,7.374052060938191,0,Account Takeover,Rapid Movement,RULE_001,Multiple suspicious transaction patterns detected.,High-value structured transactions across multiple accounts,644420,0,525361,Olivia Savage,AML Analyst,(266)690-2010,Pending,2,Low,0,
SAR00038,2026-01-21,Global Trust Bank,Miller Inc,Madisontown,NCUA,(932)596-3367x423,0,CUST00038,John Mcknight,EGAX63305301809735,1944-07-01,Engineer,Individual,Medium,5,"Unit 1693 Box 5693
DPO AA 93495",USA,2026-01-25,2026-01-19,775173,48,0,0,16149.4375,271776,17,3.4292686427826027,1,1,0,1,5.58,0,0,3.630822963986351,0,Terror Financing,Mule Network,RULE_045,Multiple suspicious transaction patterns detected.,High-value structured transactions across multiple accounts,455453,0,82810,Carrie Mckinney,AML Analyst,(952)526-6325x70969,Pending,5,Medium,1,
SAR00039,2026-01-20,Secure National Bank,Mckenzie-Huff,East Shellymouth,FDIC,555.392.5614x8602,0,CUST00039,Wendy Garcia,TVSP40723483551914,1983-04-08,Business Owner,Corporate,Low,8,"22431 Perez Extensions
Melissaburgh, PA 58895",UAE,2026-01-20,2026-02-06,1319532,125,0,0,10556.256,907580,22,2.2533279771252825,0,0,0,0,8.51,0,0,6.969614623664215,1,Money Laundering,Smurfing,RULE_120,Multiple suspicious transaction patterns detected.,High-value structured transactions across multiple accounts,1053452,1,228014,Kyle Lyons,AML Analyst,7905344996,Rejected,2,Low,0,
SAR00040,2026-02-15,Unity Financial Services,Roberson-Schwartz,North Alex,Federal Reserve,597-833-2853,1,CUST00040,Jacob Patterson,ABTK57169255980401,2019-05-02,Engineer,Individual,Low,6,"812 Holly Meadow
West Robertton, MT 78468",UK,2026-01-19,2026-01-26,2864653,122,0,1,23480.762295081968,392952,30,1.7088758739006582,0,0,0,0,5.57,1,0,9.679940665042343,0,Money Laundering,Layering,RULE_089,Multiple suspicious transaction patterns detected.,High-value structured transactions across multiple accounts,1794909,0,632727,Patrick Holmes,AML Analyst,+1-294-309-3118x13690,Approved,2,Low,0,
SAR00041,2026-01-16,Unity Financial Services,Cole-Mclean,Lake Connie,NCUA,563-219-8439x43807,0,CUST00041,Randy Anderson,WRRF09462094275984,2004-07-18,Engineer,Corporate,Low,5,"00431 Tran Square
East Mark, UT 33369",India,2026-01-02,2026-02-14,859016,94,0,0,9138.468085106382,246983,38,5.812382214226123,0,0,0,0,5.33,0,0,0.6337497047276774,0,Account Takeover,Structuring,RULE_120,Multiple suspicious transaction patterns detected.,High-value structured transactions across multiple accounts,682038,0,208708,Robert Butler,AML Analyst,001-879-794-7368,Pending,0,Low,0,
SAR00042,2026-02-03,Global Trust Bank,Ellis Inc,East Jessicaport,FDIC,(762)609-1032x12988,0,CUST00042,Jennifer Anderson,WGEA38564005067765,1969-08-14,Trader,Corporate,Low,3,"065 Smith Plaza
Port Justin, MD 88540",UAE,2026-01-23,2026-01-22,3259600,21,1,0,155219.04761904763,2088592,11,4.731662010518923,1,1,1,0,9.33,2,1,9.26449423589711,1,Money Laundering,Layering,RULE_120,Multiple suspicious transaction patterns detected.,High-value structured transactions across multiple accounts,2063189,0,764227,Angela Lopez,AML Analyst,001-288-623-0109x09708,Approved,8,High,1,
SAR00043,2026-01-07,Secure National Bank,"Peterson, Burgess and Chung",South Barbarahaven,Federal Reserve,+1-869-578-6552,1,CUST00043,Jamie Oneill,VMQZ47113456035954,1942-06-26,Trader,Corporate,High,8,"42834 Williams Parkways
West Dennis, PA 51761",USA,2026-02-07,2026-02-15,2160748,18,0,0,120041.55555555556,878172,37,8.14574720231382,0,0,0,0,3.59,4,0,4.391349085702184,0,Account Takeover,Rapid Movement,RULE_089,Multiple suspicious transaction patterns detected.,High-value structured transactions across multiple accounts,920838,0,195360,Zachary Kelly,AML Analyst,358.291.7158x7803,Pending,2,Low,0,
SAR00044,2026-01-23,Global Trust Bank,"Spears, Neal and Cox",West Ellenton,FDIC,523.309.6207x8700,0,CUST00044,Karen King,NMYI73207270870686,1990-05-14,Engineer,Corporate,Low,3,"61603 Fowler Circle
West Joshuaborough, DC 45429",India,2026-01-29,2026-01-11,3300374,157,0,1,21021.490445859872,694376,47,3.8389122137321143,0,0,0,0,6.24,2,0,3.3490561465708613,1,Account Takeover,Smurfing,RULE_089,Multiple suspicious transaction patterns detected.,High-value structured transactions across multiple accounts,935864,1,613941,Shawn Liu,AML Analyst,(461)416-3826x45880,Approved,2,Low,0,
SAR00045,2026-01-06,Unity Financial Services,Sampson Ltd,New Angelatown,NCUA,(683)400-5836x09199,1,CUST00045,Joshua Solomon,BFJP39543944406171,1940-05-15,Business Owner,Corporate,High,11,"14687 Roberts Burgs Apt. 108
Teresaside, MS 07401",UAE,2026-02-10,2026-01-11,3807010,168,1,1,22660.77380952381,2677796,38,7.524031200388227,0,0,0,0,1.43,3,0,7.5463529186011655,0,Fraud,Structuring,RULE_120,Multiple suspicious transaction patterns detected.,High-value structured transactions across multiple accounts,996483,0,432653,Jared Rice,AML Analyst,001-886-203-1948,Pending,3,Medium,1,
SAR00046,2026-02-04,Unity Financial Services,Ewing-Smith,Samanthaview,NCUA,253-509-1613,1,CUST00046,Tyler Miller,XEFS85165063272597,1990-02-16,Doctor,Individual,Medium,4,"20089 Crystal Run Apt. 515
Hallside, NV 28419",UK,2026-02-14,2026-01-19,1904443,188,0,0,10130.015957446809,1444758,29,5.398606371128367,0,0,0,0,7.72,2,0,7.161790747329522,1,Money Laundering,Smurfing,RULE_089,Multiple suspicious transaction patterns detected.,High-value structured transactions across multiple accounts,1065378,1,547950,Brittany Gonzales,AML Analyst,001-302-655-6890x516,Rejected,2,Low,0,
SAR00047,2026-01-24,Global Trust Bank,Donaldson Group,North Nicholas,NCUA,+1-813-455-6734,1,CUST00047,Elizabeth Wilson,MHYB15581533337901,2004-06-21,Trader,Corporate,High,5,"4511 Walker Locks
Lake Pattyberg, NJ 80664",UK,2026-01-21,2026-01-03,3391501,27,0,1,125611.14814814815,399030,26,9.472833396118153,0,1,1,1,9.32,3,1,7.072386343133986,1,Fraud,Mule Network,RULE_089,Multiple suspicious transaction patterns detected.,High-value structured transactions across multiple accounts,988701,0,617302,Emily Taylor,AML Analyst,(602)745-6189,Rejected,7,High,1,
SAR00048,2026-02-01,Global Trust Bank,Anderson-Lloyd,Jessicaville,Federal Reserve,274.768.6260,1,CUST00048,Leslie Rowe,SSVZ27522492716016,1965-07-23,Consultant,Corporate,High,6,"06231 Becker Crossing Apt. 192
Lake Steventown, CT 95397",UAE,2026-01-31,2026-01-06,503716,44,0,0,11448.09090909091,467120,22,9.106861982557131,0,0,0,0,1.66,3,0,5.188380571260721,0,Fraud,Mule Network,RULE_001,Multiple suspicious transaction patterns detected.,High-value structured transactions across multiple accounts,279444,0,8275,Kelly Gordon,AML Analyst,5318082977,Approved,0,Low,0,
SAR00049,2026-02-13,Secure National Bank,Ford-Hill,Edwardsside,Federal Reserve,+1-748-311-0545x5630,1,CUST00049,Bryan Wilson,LHFN07071069675128,1944-10-24,Consultant,Corporate,Medium,6,"017 Robertson Crossing
Wadeshire, PR 61438",UK,2026-01-31,2026-01-05,516411,61,0,0,8465.754098360656,500732,26,3.334991716911442,1,1,1,1,4.52,2,0,1.763869865062233,0,Account Takeover,Layering,RULE_120,Multiple suspicious transaction patterns detected.,High-value structured transactions across multiple accounts,257699,0,141730,Susan Martinez,AML Analyst,965-436-3723x6673,Rejected,7,High,1,
SAR00050,2026-01-17,Global Trust Bank,Richardson Group,Kevinfort,NCUA,(645)367-3849x552,0,CUST00050,Jessica Johnston,PLZP87837582376810,1910-04-27,Business Owner,Corporate,High,13,"8061 Christine Causeway
East Tammy, AZ 77401",USA,2026-01-11,2026-02-01,2196422,154,0,1,14262.48051948052,1596961,28,2.126807843412263,0,0,0,0,4.59,3,0,1.844628714188561,0,Fraud,Structuring,RULE_045,Multiple suspicious transaction patterns detected.,High-value structured transactions across multiple accounts,834107,0,261803,Mikayla Rice,AML Analyst,001-987-334-3761x459,Rejected,2,Low,0,
SAR00051,2026-01-07,Secure National Bank,Hood-Donovan,Dodsontown,Federal Reserve,+1-727-325-0187x4225,1,CUST00051,Kevin Armstrong,SVEA12964413602893,2011-10-14,Engineer,Individual,Low,2,"Unit 7887 Box 5152
DPO AA 98838",India,2026-01-03,2026-01-18,4101951,66,0,0,62150.77272727273,269223,30,1.9068772066366657,0,0,0,0,5.65,1,0,5.243902693275801,0,Terror Financing,Mule Network,RULE_001,Multiple suspicious transaction patterns detected.,High-value structured transactions across multiple accounts,1905182,0,688685,Christian Coleman,AML Analyst,001-859-735-2740,Approved,2,Low,0,
SAR00052,2026-02-10,Secure National Bank,Smith Ltd,South Amanda,NCUA,204.602.1268x074,1,CUST00052,Jennifer Drake,GPON06635084198114,1945-10-19,Student,Individual,High,13,"9943 Johnson Shore Apt. 286
Lake Whitneyfurt, WV 61957",UK,2026-01-02,2026-01-19,1239816,12,1,0,103318.0,1132199,10,2.707446731435538,1,0,1,0,0.27,2,0,5.950489797004206,0,Account Takeover,Mule Network,RULE_045,Multiple suspicious transaction patterns detected.,High-value structured transactions across multiple accounts,500343,0,330086,Carlos Ryan,AML Analyst,+1-288-409-9422,Pending,7,High,1,
SAR00053,2026-01-12,Unity Financial Services,"Peters, Mathis and Kirby",Port Claytonburgh,NCUA,351-686-9900,0,CUST00053,Joshua Sanders,XTXE16715006205148,2020-10-14,Business Owner,Individual,Medium,7,"04337 Rebekah Causeway
Rhondastad, CA 71923",UAE,2026-01-10,2026-02-02,477327,166,0,1,2875.4638554216867,78506,32,9.887287819554428,0,0,0,0,9.63,3,0,8.963358185211197,1,Terror Financing,Rapid Movement,RULE_120,Multiple suspicious transaction patterns detected.,High-value structured transactions across multiple accounts,99189,0,29768,Kelly Perez,AML Analyst,(956)989-7073,Pending,0,Low,0,
SAR00054,2026-01-30,Unity Financial Services,Rodriguez Ltd,New Jeffrey,Federal Reserve,5074151022,0,CUST00054,Tiffany Barnes,FVJC43760431259300,2007-04-06,Business Owner,Corporate,Low,4,"292 Brooks Gardens
Williamstad, PA 79185",UK,2026-02-01,2026-02-11,4344235,33,0,1,131643.48484848486,3531737,2,9.10624003540304,1,1,0,1,3.45,0,0,9.745472651988699,0,Fraud,Mule Network,RULE_120,Multiple suspicious transaction patterns detected.,High-value structured transactions across multiple accounts,2901320,0,737359,Daniel Ross,AML Analyst,705-465-9680x64430,Rejected,7,High,1,
SAR00055,2026-02-11,Secure National Bank,"Lowery, Mcconnell and Mendoza",Lake George,Federal Reserve,001-304-623-7104x03458,0,CUST00055,Michelle Jackson,XMLG39504440350241,2004-03-27,Doctor,Corporate,Medium,13,"884 Jackson Lights Suite 957
Lake Jeanside, VI 93266",Singapore,2026-01-12,2026-02-04,1561182,132,0,0,11827.136363636364,40954,17,2.686773593849461,0,0,0,0,2.58,2,0,1.716792858483035,0,Terror Financing,Smurfing,RULE_120,Multiple suspicious transaction patterns detected.,High-value structured transactions across multiple accounts,567309,0,428216,Jason Kelly,AML Analyst,(535)817-8161,Rejected,2,Low,0,
SAR00056,2026-02-08,Global Trust Bank,"Anderson, Ali and Gray",Port Tylerside,FDIC,207.666.3745,1,CUST00056,Joe Brown,STDC12823957763935,1959-12-28,Consultant,Individual,High,7,"06205 Mccann Center
Tanyaside, CT 22205",Singapore,2026-02-10,2026-02-15,1485035,45,0,1,33000.77777777778,560941,34,5.541780025157934,1,0,1,0,8.74,1,0,5.732943781794006,1,Terror Financing,Smurfing,RULE_089,Multiple suspicious transaction patterns detected.,High-value structured transactions across multiple accounts,1043777,0,343449,Charles Miller,AML Analyst,+1-643-628-5092x31287,Approved,6,High,1,
SAR00057,2026-02-15,Unity Financial Services,"Mcclain, Myers and Williams",South Lisatown,Federal Reserve,4919315122,1,CUST00057,Joseph Williams,TDAD05949323008551,1988-01-09,Engineer,Individual,Low,7,"USNS Foster
FPO AE 55143",UK,2026-01-12,2026-01-09,1532937,58,0,0,26429.94827586207,1038578,1,0.8279866792512647,0,0,0,0,3.89,2,0,6.104046670079576,0,Terror Financing,Layering,RULE_001,Multiple suspicious transaction patterns detected.,High-value structured transactions across multiple accounts,1179723,0,438766,Jennifer Guerrero,AML Analyst,(571)962-0517,Approved,2,Low,0,
SAR00058,2026-01-29,Secure National Bank,Adams Inc,Youngmouth,FDIC,707.377.1488x18246,1,CUST00058,Mr. Steven Price,PRVR35551855718553,1987-07-01,Student,Corporate,Medium,8,"768 Johnson Drive Suite 524
Joshuaview, ND 07357",India,2026-01-22,2026-02-02,420008,40,0,0,10500.2,210550,20,1.6201387789158461,1,0,1,1,3.44,0,0,4.348273386037462,0,Terror Financing,Mule Network,RULE_120,Multiple suspicious transaction patterns detected.,High-value structured transactions across multiple accounts,146096,1,100728,Amanda Wyatt,AML Analyst,889-979-6981,Rejected,6,High,1,
SAR00059,2026-01-06,Unity Financial Services,Thomas LLC,Carlosstad,Federal Reserve,+1-286-459-3228x42097,0,CUST00059,Molly Moore,ZAUD20956053356289,1982-05-03,Student,Corporate,Medium,12,"20957 Stewart Springs Suite 572
West Evelynhaven, MN 84575",India,2026-02-14,2026-01-30,2842981,106,0,1,26820.575471698114,1666793,12,3.6097389694002677,0,0,0,0,1.37,1,0,5.419009473783581,0,Fraud,Smurfing,RULE_120,Multiple suspicious transaction patterns detected.,High-value structured transactions across multiple accounts,2057657,1,687911,Caroline Parks,AML Analyst,316-349-6209x25718,Approved,2,Low,0,
SAR00060,2026-01-24,Unity Financial Services,Cochran and Sons,West Seanstad,NCUA,(310)912-5090,1,CUST00060,Eric Davis,KUVI23653711344009,1911-11-10,Doctor,Individual,Medium,10,"524 Solis Prairie
East Rhondaborough, AR 64003",UAE,2026-01-07,2026-01-25,3742973,29,0,0,129068.03448275862,191833,25,6.4666491911716335,0,0,0,0,6.7,1,0,5.679452305526294,1,Fraud,Mule Network,RULE_120,Multiple suspicious transaction patterns detected.,High-value structured transactions across multiple accounts,2804583,0,783127,Joshua Chaney,AML Analyst,368-250-0756,Pending,2,Low,0,
SAR00061,2026-02-02,Secure National Bank,Lee Group,Pooletown,FDIC,287-623-0698x9285,0,CUST00061,Anthony Floyd,QNBT04198838494651,1953-10-24,Doctor,Corporate,High,5,"8357 Miller Street Apt. 568
South Joshua, MP 51225",UAE,2026-01-30,2026-02-14,2444855,76,0,0,32169.144736842107,1530233,23,7.953418379590974,1,1,0,0,3.65,3,0,5.302651326349002,0,Account Takeover,Layering,RULE_001,Multiple suspicious transaction patterns detected.,High-value structured transactions across multiple accounts,1135926,0,419850,Sandra Hanson,AML Analyst,671.518.5632x48583,Approved,5,Medium,1,
SAR00062,2026-01-29,Unity Financial Services,Smith PLC,New April,NCUA,881-504-7055x937,1,CUST00062,Chris Johnson,DROS78604853241337,1931-11-10,Doctor,Individual,Low,13,"11936 Wong Mountain
South Joshua, KY 17887",UK,2026-01-19,2026-02-11,1693472,145,1,0,11679.11724137931,643112,16,4.268170566548644,0,0,0,0,4.62,1,0,3.8396388991972574,0,Terror Financing,Mule Network,RULE_045,Multiple suspicious transaction patterns detected.,High-value structured transactions across multiple accounts,1286283,0,4818,Tiffany Black,AML Analyst,001-731-613-3493x80869,Pending,3,Medium,1,
SAR00063,2026-01-25,Secure National Bank,Jones-Jones,Timothytown,FDIC,466-251-9179,0,CUST00063,Susan Smith,LMWV94096995767085,2014-12-22,Trader,Individual,Medium,2,"917 Tracy Valley
Lake Zachary, GU 27628",Singapore,2026-02-02,2026-01-09,2808696,66,0,0,42556.0,1651836,44,6.275054632183701,1,1,1,1,2.39,2,0,2.963081204559901,0,Fraud,Mule Network,RULE_089,Multiple suspicious transaction patterns detected.,High-value structured transactions across multiple accounts,955419,0,15060,Alfred Young,AML Analyst,(915)687-7164,Approved,9,High,1,
SAR00064,2026-01-25,Secure National Bank,Weber-Yoder,Kevinport,Federal Reserve,(361)945-2573,1,CUST00064,Sarah Jones,APHG30135162893999,2025-10-17,Consultant,Individual,High,14,"376 Jennifer Inlet Apt. 838
East Sherryfurt, VT 25999",USA,2026-02-02,2026-01-03,171472,147,1,1,1166.4761904761904,127744,24,1.2443755729685635,0,0,0,0,2.59,3,0,6.00798446442198,0,Money Laundering,Smurfing,RULE_045,Multiple suspicious transaction patterns detected.,High-value structured transactions across multiple accounts,127272,1,38239,Stephen Mitchell,AML Analyst,001-779-414-2991x7661,Rejected,1,Low,0,
SAR00065,2026-01-30,Global Trust Bank,"Rush, Flores and Scott",North Brian,NCUA,(996)848-5420,0,CUST00065,Jessica Brown,NPNJ55755052801356,1989-02-15,Business Owner,Individual,Low,1,"154 Eric Islands Suite 092
Marvinport, LA 91221",UAE,2026-01-30,2026-01-31,436413,121,1,1,3606.719008264463,331898,45,1.2033876203499594,0,1,0,0,6.3,0,0,1.738952492194873,1,Money Laundering,Rapid Movement,RULE_045,Multiple suspicious transaction patterns detected.,High-value structured transactions across multiple accounts,191037,1,91125,Joseph Swanson,AML Analyst,699.683.7681x864,Pending,2,Low,0,
SAR00066,2026-02-02,Global Trust Bank,Lowe-Nichols,Hillbury,FDIC,(815)730-0080x85988,1,CUST00066,Hannah Butler,BGER74146946870546,1948-03-21,Doctor,Individual,High,8,"26923 Sarah Terrace Suite 105
North Juan, NC 61703",UAE,2026-02-10,2026-02-13,2110058,17,0,0,124121.05882352941,798719,47,0.3486516023382491,1,1,1,0,0.44,1,1,9.315894883189898,0,Account Takeover,Smurfing,RULE_089,Multiple suspicious transaction patterns detected.,High-value structured transactions across multiple accounts,1352816,0,159931,Julie Lawson,AML Analyst,(889)819-8188,Pending,7,High,1,
SAR00067,2026-02-08,Unity Financial Services,Fisher LLC,West Richardhaven,NCUA,664.824.7514x802,1,CUST00067,Evan Murphy,MPGG70453726997022,1940-06-18,Doctor,Individual,Low,8,"26472 Melissa Passage Apt. 014
South Ashley, GA 95844",Singapore,2026-01-08,2026-02-02,1730690,137,0,0,12632.773722627737,1165793,18,0.8104621590764793,0,1,1,0,5.92,1,0,5.657319639957911,0,Money Laundering,Rapid Movement,RULE_001,Multiple suspicious transaction patterns detected.,High-value structured transactions across multiple accounts,623423,1,414029,Mr. Jordan Elliott,AML Analyst,(916)640-8874x14725,Approved,5,Medium,1,
SAR00068,2026-01-10,Unity Financial Services,Rice-Adkins,North Jasminefort,NCUA,477-469-0122,0,CUST00068,Nichole Wolf,PZXC14910449163500,1982-03-11,Consultant,Corporate,High,11,"505 Stout Street
Port Kristinetown, TN 67141",UAE,2026-02-07,2026-01-05,4181224,63,1,0,66368.63492063493,463298,48,7.083629767150348,0,0,0,0,6.8,2,0,9.613152881849075,1,Money Laundering,Rapid Movement,RULE_045,Multiple suspicious transaction patterns detected.,High-value structured transactions across multiple accounts,2003985,1,6453,John Moore,AML Analyst,(798)386-3520x34352,Pending,3,Medium,1,
SAR00069,2026-01-30,Unity Financial Services,Huffman-Johnson,Fergusonton,FDIC,608-203-2170,1,CUST00069,Maureen Stewart,HWHZ64913140719280,2018-04-18,Doctor,Individual,High,1,"5246 Holly Extension
Dennisland, OR 21929",India,2026-02-03,2026-01-19,475452,162,0,1,2934.8888888888887,47534,31,0.011201114801094869,0,0,0,0,2.59,1,0,5.598443123088295,0,Fraud,Rapid Movement,RULE_120,Multiple suspicious transaction patterns detected.,High-value structured transactions across multiple accounts,128137,0,1294,Brent Williams,AML Analyst,2559033558,Rejected,0,Low,0,
SAR00070,2026-02-12,Secure National Bank,Anderson Inc,Michelleview,Federal Reserve,539.969.0691,1,CUST00070,Emily Nolan,KIVZ98918457552757,1929-07-08,Student,Corporate,Low,4,"94004 Lawrence Forks Apt. 911
Duncanview, NM 59109",UK,2026-02-01,2026-01-20,605530,162,1,0,3737.8395061728397,508238,10,4.322407838925123,0,0,0,0,1.79,4,0,0.678370591051719,0,Account Takeover,Structuring,RULE_120,Multiple suspicious transaction patterns detected.,High-value structured transactions across multiple accounts,230451,1,12234,Jacqueline Jackson,AML Analyst,001-435-417-5552x397,Approved,1,Low,0,
SAR00071,2026-02-10,Unity Financial Services,"White, Adams and Mcintosh",Parksland,FDIC,(429)569-3470x7087,0,CUST00071,Amanda Rogers,WYRL42859245518603,1930-02-01,Doctor,Individual,Medium,13,"89263 Michael Squares Apt. 758
Jamesburgh, PA 48731",UAE,2026-01-13,2026-02-15,777800,26,1,1,29915.384615384617,288097,18,8.715368061523762,0,0,0,0,7.5,2,0,0.22123551528997254,1,Fraud,Rapid Movement,RULE_120,Multiple suspicious transaction patterns detected.,High-value structured transactions across multiple accounts,306582,0,179766,Andrea Smith,AML Analyst,481-616-1116x696,Approved,1,Low,0,
SAR00072,2026-01-19,Secure National Bank,Wilkins and Sons,Scottfurt,NCUA,(266)676-6703,1,CUST00072,Ronald Hutchinson,QVVY19458137720952,1929-07-02,Student,Corporate,Medium,14,"5956 Jerry Vista Apt. 869
Lake Alexanderville, PA 13635",UAE,2026-01-01,2026-02-08,2539937,178,0,0,14269.308988764045,237732,4,4.261813022359729,0,0,0,0,7.95,4,0,2.300536830314339,1,Money Laundering,Smurfing,RULE_120,Multiple suspicious transaction patterns detected.,High-value structured transactions across multiple accounts,708137,1,733968,Jason Walker,AML Analyst,001-674-915-3154x3021,Pending,2,Low,0,
SAR00073,2026-01-02,Secure National Bank,Carson and Sons,Port Tinashire,NCUA,2536241632,1,CUST00073,Mr. David Mullins,QIIY74136256703802,1983-02-01,Student,Corporate,Medium,12,"645 Steven Isle
West Kevin, DC 43648",India,2026-01-15,2026-01-30,3446628,25,0,0,137865.12,1486006,16,8.573600920924987,1,1,1,0,7.46,2,0,5.627502863433826,1,Account Takeover,Smurfing,RULE_045,Multiple suspicious transaction patterns detected.,High-value structured transactions across multiple accounts,1664443,0,164658,Robert Mccall,AML Analyst,202.657.2575,Approved,7,High,1,
SAR00074,2026-01-09,Global Trust Bank,Carrillo Inc,Warrenview,FDIC,001-978-560-6224,0,CUST00074,Brian Trevino,RCFB79417708589731,1929-04-02,Trader,Corporate,Medium,9,"737 Church Isle
Millertown, ND 80609",USA,2026-01-15,2026-01-11,2447266,178,1,0,13748.685393258427,352697,7,6.262203216314154,0,1,0,1,1.17,0,0,2.005247267003367,0,Fraud,Rapid Movement,RULE_001,Multiple suspicious transaction patterns detected.,High-value structured transactions across multiple accounts,1211290,0,427271,Jennifer Lee,AML Analyst,+1-939-318-0985,Rejected,6,High,1,
SAR00075,2026-02-14,Global Trust Bank,Travis-Lopez,Piercefort,Federal Reserve,5567795689,0,CUST00075,Jonathan Sanchez,OEBG03432762186240,1965-05-17,Engineer,Corporate,Medium,8,"45731 John Points Suite 010
South Crystalport, NV 67484",USA,2026-02-09,2026-01-19,2943199,76,0,0,38726.30263157895,614996,17,0.11620539908100636,0,1,0,0,8.6,0,0,1.4592207403514545,1,Terror Financing,Mule Network,RULE_120,Multiple suspicious transaction patterns detected.,High-value structured transactions across multiple accounts,770162,0,16217,Loretta Barnes,AML Analyst,881.956.1519x90160,Approved,3,Medium,1,
SAR00076,2026-01-01,Global Trust Bank,Johnson Inc,Bartlettmouth,Federal Reserve,+1-543-616-9663x899,0,CUST00076,Alexandria Johnson,GYRL55761605797621,1930-03-11,Trader,Individual,Medium,6,"5460 Elliott Flats Suite 850
Joshuachester, WV 57037",UAE,2026-01-23,2026-02-05,1351208,172,0,0,7855.860465116279,27431,33,5.1771164338471145,0,0,0,0,0.33,3,0,5.675408482615581,0,Fraud,Rapid Movement,RULE_089,Multiple suspicious transaction patterns detected.,High-value structured transactions across multiple accounts,829207,1,81133,Pamela Wright,AML Analyst,559-997-3948x733,Approved,2,Low,0,
SAR00077,2026-01-19,Unity Financial Services,Torres-Obrien,Steventon,NCUA,(365)489-8900,1,CUST00077,Karen Ingram,KZDH31553423730449,2021-09-09,Trader,Corporate,High,4,"2917 Kevin Point
South Cody, IA 78399",USA,2026-01-18,2026-01-05,4524216,108,1,1,41890.88888888889,1448717,9,9.362122462436899,0,1,1,1,3.39,2,0,5.974758626319301,0,Fraud,Smurfing,RULE_120,Multiple suspicious transaction patterns detected.,High-value structured transactions across multiple accounts,3032579,0,55314,Mark Kramer,AML Analyst,(363)494-0613,Approved,8,High,1,
SAR00078,2026-01-11,Secure National Bank,Nguyen Group,South Michaelstad,FDIC,995.406.9203,0,CUST00078,Todd Oliver,NZNI35959333434483,1911-11-01,Engineer,Individual,High,3,"390 Moore Haven Suite 639
South Alexanderhaven, ME 15519",UAE,2026-01-28,2026-01-27,4760469,16,0,1,297529.3125,4340702,12,1.5954468011318834,1,1,0,1,6.59,2,0,2.2845474133129873,1,Fraud,Structuring,RULE_045,Multiple suspicious transaction patterns detected.,High-value structured transactions across multiple accounts,3797903,1,928756,Christopher Roth,AML Analyst,771-527-3354,Pending,7,High,1,
SAR00079,2026-01-11,Global Trust Bank,"Ellis, Underwood and Gutierrez",West Theresa,NCUA,001-400-205-1820,0,CUST00079,Michael Myers,YVYU80021061762300,1948-02-20,Consultant,Corporate,High,3,"55337 Ramirez Pass
West Scotttown, MA 84765",USA,2026-01-05,2026-01-27,2327466,193,0,0,12059.409326424871,1856317,15,2.576828885112137,1,1,1,1,3.71,3,0,5.786754085723934,0,Fraud,Structuring,RULE_045,Multiple suspicious transaction patterns detected.,High-value structured transactions across multiple accounts,1078010,1,339811,Karen Johnson,AML Analyst,001-924-412-7456x44588,Approved,9,High,1,
SAR00080,2026-01-21,Global Trust Bank,Perry-Harmon,Estradaborough,FDIC,832-223-9280x62347,1,CUST00080,Dennis Patton,FKMP87736080407360,2009-11-02,Engineer,Corporate,Low,3,"659 Monroe Hollow
West Reginabury, DC 92959",USA,2026-01-23,2026-01-10,1341737,168,0,0,7986.5297619047615,967854,42,9.921333163406723,0,0,0,0,3.84,1,0,7.760002070354295,0,Terror Financing,Smurfing,RULE_001,Multiple suspicious transaction patterns detected.,High-value structured transactions across multiple accounts,594639,0,254610,Cheyenne Keller,AML Analyst,(851)872-8345x01951,Pending,2,Low,0,
SAR00081,2026-01-27,Unity Financial Services,Romero PLC,West Saraton,FDIC,(622)519-4771,0,CUST00081,Kayla Livingston,IOWA06214066836746,2018-02-21,Doctor,Individual,High,1,"757 Victoria Lakes Apt. 152
Veronicaville, PR 71067",UK,2026-01-08,2026-01-04,3855241,123,0,1,31343.422764227642,3739340,38,4.922778564480348,0,0,0,0,4.45,0,0,3.910815366517607,0,Money Laundering,Structuring,RULE_089,Multiple suspicious transaction patterns detected.,High-value structured transactions across multiple accounts,3013439,0,759563,Jacqueline Cox,AML Analyst,715-291-9898x492,Approved,2,Low,0,
SAR00082,2026-01-10,Secure National Bank,"Summers, Martinez and Campbell",Chasemouth,FDIC,5112466897,1,CUST00082,Deborah Smith,VYAV34140965983518,1927-04-08,Trader,Individual,Low,9,"577 Carrie Unions Apt. 720
Port Natashashire, SD 50396",Singapore,2026-01-08,2026-01-01,157999,188,0,1,840.4202127659574,148660,23,4.5378954138363925,0,1,0,0,4.31,3,0,1.6704190790094986,0,Account Takeover,Structuring,RULE_001,Multiple suspicious transaction patterns detected.,High-value structured transactions across multiple accounts,47490,0,34905,Lisa Reynolds,AML Analyst,6535974164,Approved,1,Low,0,
SAR00083,2026-01-09,Secure National Bank,"Wheeler, Gould and Conley",Burnettville,Federal Reserve,540-355-5740x54085,0,CUST00083,Mary Bowman,WGZO66052554908091,1921-04-06,Student,Individual,Low,5,"652 Gregory Viaduct
Port Micheal, MH 12302",UAE,2026-02-03,2026-02-05,97324,53,1,0,1836.301886792453,14847,44,4.463686465125855,0,0,0,0,5.4,3,0,9.366056922949614,0,Fraud,Structuring,RULE_045,Multiple suspicious transaction patterns detected.,High-value structured transactions across multiple accounts,21762,0,13202,Megan King,AML Analyst,+1-334-391-2468x5391,Pending,1,Low,0,
SAR00084,2026-01-16,Unity Financial Services,Melton-Rosario,Ginastad,FDIC,(884)551-4503,1,CUST00084,Brooke Hanson DVM,QVIP93420020691945,2006-07-29,Student,Individual,High,4,"929 Atkinson Ridge Apt. 231
Beardborough, AL 80894",UK,2026-01-03,2026-01-30,2952762,16,0,0,184547.625,1302076,24,6.859677359829841,0,0,0,0,9.73,2,0,1.2574151180664883,1,Account Takeover,Mule Network,RULE_089,Multiple suspicious transaction patterns detected.,High-value structured transactions across multiple accounts,825677,0,832519,John Moore,AML Analyst,633.870.9215x476,Rejected,2,Low,0,
SAR00085,2026-01-18,Secure National Bank,"Johnson, Ramirez and Cooper",Lake Beverly,FDIC,001-986-512-8752x49505,1,CUST00085,Michael Ramirez,QTXP48342981814141,1920-03-10,Student,Individual,High,10,"155 William Place Apt. 910
South Mark, IA 94133",India,2026-01-25,2026-01-30,1175439,89,0,1,13207.1797752809,652296,8,1.5616384479217393,0,0,0,0,2.55,0,0,0.17515990862062236,0,Terror Financing,Layering,RULE_089,Multiple suspicious transaction patterns detected.,High-value structured transactions across multiple accounts,407275,1,304888,Daniel Mcbride DDS,AML Analyst,361.883.6557,Rejected,2,Low,0,
SAR00086,2026-01-23,Global Trust Bank,Bell PLC,North Courtney,Federal Reserve,+1-858-766-3138x487,1,CUST00086,Jerry Hudson,FLIX97480903302942,1940-09-06,Engineer,Individual,High,9,"5889 Stephanie Square Apt. 740
Melissamouth, PA 55566",India,2026-01-30,2026-01-08,2532576,50,1,0,50651.52,106376,19,9.408753563380648,0,0,0,0,5.77,3,0,8.664386675276454,0,Terror Financing,Structuring,RULE_120,Multiple suspicious transaction patterns detected.,High-value structured transactions across multiple accounts,2015935,1,68745,Noah Robinson,AML Analyst,405-837-6471x383,Approved,3,Medium,1,
SAR00087,2026-01-10,Unity Financial Services,"Cole, Smith and Johnson",Johnnyville,NCUA,+1-985-915-6140x19474,1,CUST00087,Tammy Small,XFVO41484165576030,2008-04-28,Consultant,Corporate,Low,10,"07126 Jones Manors
West Matthewshire, SC 58469",UAE,2026-02-05,2026-01-23,524777,129,1,0,4068.0387596899227,237549,46,9.256748308807119,1,1,1,1,2.97,0,0,3.961726916092554,0,Fraud,Smurfing,RULE_120,Multiple suspicious transaction patterns detected.,High-value structured transactions across multiple accounts,323934,0,70639,Michael Brown,AML Analyst,+1-467-247-1275x8839,Pending,8,High,1,
SAR00088,2026-02-05,Unity Financial Services,"Schwartz, Zuniga and Hale",Heatherstad,Federal Reserve,001-519-412-3135,0,CUST00088,Ryan Hughes,YRRG93278821986133,1915-05-16,Trader,Individual,Medium,12,"08673 Dennis Mews Suite 818
Lake Mindy, CT 47853",India,2026-01-11,2026-02-14,885112,39,0,1,22695.17948717949,84973,26,5.870617077011509,0,1,1,1,8.47,3,0,1.489918559701947,1,Terror Financing,Layering,RULE_089,Multiple suspicious transaction patterns detected.,High-value structured transactions across multiple accounts,456695,0,126578,Ellen Fritz,AML Analyst,(928)933-8946x737,Pending,5,Medium,1,
SAR00089,2026-01-09,Global Trust Bank,"Taylor, Higgins and Figueroa",Mistyville,Federal Reserve,001-957-548-1650x222,0,CUST00089,Scott Bright,OVWD41109156563329,2024-12-19,Engineer,Corporate,High,11,"678 Joseph Garden Suite 895
Whitefort, PW 94606",USA,2026-02-14,2026-01-17,2522334,74,0,0,34085.59459459459,1506681,44,9.555236959549347,0,0,0,0,0.08,4,1,3.800745089372053,0,Fraud,Mule Network,RULE_001,Multiple suspicious transaction patterns detected.,High-value structured transactions across multiple accounts,802839,0,147222,Brenda Baldwin,AML Analyst,997-997-9329x657,Approved,2,Low,0,
SAR00090,2026-01-24,Unity Financial Services,"Huerta, Higgins and Alvarado",South Dominiquetown,FDIC,361-240-3616x7228,1,CUST00090,Erin Howard,WJZK37528428125303,1980-11-03,Doctor,Corporate,Medium,7,"USS Waters
FPO AA 02884",USA,2026-01-02,2026-01-07,710475,121,0,0,5871.694214876033,696738,29,8.030258978326634,1,1,0,1,1.22,2,0,5.251633836670601,0,Account Takeover,Mule Network,RULE_001,Multiple suspicious transaction patterns detected.,High-value structured transactions across multiple accounts,444350,0,120918,Reginald Hill,AML Analyst,999.812.9306,Rejected,5,Medium,1,
SAR00091,2026-01-12,Global Trust Bank,Rollins-Huang,Watkinston,FDIC,423.862.3763,1,CUST00091,John Scott,CRMR54024490053828,1949-02-11,Doctor,Corporate,High,10,"027 Joshua Creek Apt. 000
West Brandon, VI 87869",Singapore,2026-01-25,2026-01-05,160683,88,0,0,1825.9431818181818,112971,7,8.15748643504281,1,0,1,0,5.94,1,0,3.607725191105998,0,Money Laundering,Structuring,RULE_045,Multiple suspicious transaction patterns detected.,High-value structured transactions across multiple accounts,119473,1,26832,Gregory Holmes,AML Analyst,(367)788-9903,Rejected,4,Medium,1,
SAR00092,2026-01-27,Unity Financial Services,"Clark, Ross and Perry",East Edwardside,NCUA,001-911-757-8766,0,CUST00092,Mary Rose,DBCV83153764032157,1981-11-09,Business Owner,Corporate,High,3,"832 Latoya Brooks
East Justin, RI 03082",India,2026-02-11,2026-01-23,1502618,104,0,1,14448.25,167982,10,8.095299757684417,1,0,0,0,4.73,4,0,6.070940360887808,0,Terror Financing,Mule Network,RULE_120,Multiple suspicious transaction patterns detected.,High-value structured transactions across multiple accounts,793410,0,176214,Brenda Reid,AML Analyst,980-475-7532,Approved,4,Medium,1,
SAR00093,2026-01-13,Global Trust Bank,Frazier-Cole,West Jenniferfurt,NCUA,857.842.0080x875,1,CUST00093,David Butler,SBMU61671637995177,2009-03-24,Consultant,Corporate,Low,12,"948 Christopher Hollow
Port Martinburgh, PA 86678",UK,2026-01-08,2026-02-02,2896005,157,0,0,18445.891719745225,2070153,35,5.9704691689569165,0,0,0,0,4.46,0,0,8.187070571192328,0,Fraud,Mule Network,RULE_089,Multiple suspicious transaction patterns detected.,High-value structured transactions across multiple accounts,1627356,0,786721,Juan Lewis,AML Analyst,307-536-2411x41586,Approved,2,Low,0,
SAR00094,2026-01-25,Unity Financial Services,Valentine-Page,Josephton,Federal Reserve,601-439-9927x537,0,CUST00094,Rebecca Jimenez,UHTC13670167424505,2012-01-25,Engineer,Corporate,Medium,5,"702 Erin Fords
East Albertview, RI 86378",UK,2026-02-14,2026-02-14,3263084,101,0,0,32307.762376237624,209451,3,4.011879140389826,0,0,0,0,6.17,4,0,0.6993160570943413,1,Fraud,Mule Network,RULE_001,Multiple suspicious transaction patterns detected.,High-value structured transactions across multiple accounts,1905970,0,580318,Casey Medina,AML Analyst,677-334-0365x7966,Approved,2,Low,0,
SAR00095,2026-01-26,Global Trust Bank,Rivera Group,Nelsonton,FDIC,312.385.2179x730,0,CUST00095,William Hernandez,FCAJ63907737774084,2012-02-17,Trader,Corporate,Low,8,"44615 Samantha Pass
South Vanessamouth, AR 87893",UK,2026-02-12,2026-01-12,1553075,129,0,0,12039.341085271319,1360833,3,1.903248628190678,0,0,0,0,3.63,2,0,5.804750067166746,0,Money Laundering,Rapid Movement,RULE_120,Multiple suspicious transaction patterns detected.,High-value structured transactions across multiple accounts,393332,1,295842,Ariel Garcia,AML Analyst,603.993.7099,Approved,2,Low,0,
SAR00096,2026-02-02,Global Trust Bank,"Morales, Payne and Martin",Nicoleport,Federal Reserve,001-724-984-8916x9683,1,CUST00096,Collin Diaz,FYMG36767253733669,1982-07-15,Student,Corporate,High,6,"8907 Gonzalez Village Suite 957
East John, NC 85034",UK,2026-01-25,2026-01-20,2393278,110,0,1,21757.072727272727,759296,16,0.012366797594094425,0,0,0,0,4.75,4,0,9.924835021583752,0,Account Takeover,Structuring,RULE_045,Multiple suspicious transaction patterns detected.,High-value structured transactions across multiple accounts,1809798,0,604565,Mason Armstrong,AML Analyst,+1-207-529-9206x190,Approved,2,Low,0,
SAR00097,2026-01-24,Unity Financial Services,"Allen, Welch and Mitchell",Suzanneland,Federal Reserve,(230)529-4277x0222,0,CUST00097,Alex Ward,CGJD15398859639039,1992-08-21,Trader,Corporate,High,7,"Unit 7279 Box 3478
DPO AA 65758",UK,2026-01-31,2026-02-13,2319181,154,0,1,15059.616883116883,1109849,8,7.552704204968079,0,0,0,0,7.82,1,0,2.631125699108429,1,Money Laundering,Structuring,RULE_045,Multiple suspicious transaction patterns detected.,High-value structured transactions across multiple accounts,964969,0,651892,Shelby Williams,AML Analyst,446-943-0135x17056,Rejected,2,Low,0,
SAR00098,2026-02-02,Global Trust Bank,Owens PLC,West Phyllisburgh,FDIC,001-735-398-6180x4713,0,CUST00098,Taylor Miller,PEPV97251176127188,1965-02-13,Student,Individual,High,1,"266 Stephens Throughway Apt. 251
West Johnberg, HI 86383",UK,2026-02-09,2026-01-09,3599058,71,1,0,50690.957746478874,2140219,23,9.423870191022331,0,0,0,0,7.86,3,1,1.163663978854761,1,Money Laundering,Layering,RULE_001,Multiple suspicious transaction patterns detected.,High-value structured transactions across multiple accounts,2485040,0,947964,Erika Maldonado,AML Analyst,663.858.3250,Approved,3,Medium,1,
SAR00099,2026-02-09,Global Trust Bank,Sanders LLC,North Amy,NCUA,001-843-944-1980x24263,0,CUST00099,Justin West,UJOZ28530831857100,1955-09-26,Engineer,Corporate,High,10,"5364 Mitchell View
West Anthony, ND 33149",Singapore,2026-01-23,2026-01-21,2809802,84,0,0,33450.02380952381,298894,14,0.8091928305125218,0,0,0,0,6.95,1,1,8.224805636343609,1,Fraud,Mule Network,RULE_120,Multiple suspicious transaction patterns detected.,High-value structured transactions across multiple accounts,785381,1,777829,Benjamin Johnson,AML Analyst,447.626.3600,Approved,2,Low,0,
SAR00100,2026-01-31,Global Trust Bank,Dominguez PLC,Williamsbury,FDIC,(604)570-0497x0934,0,CUST00100,Breanna Walker,DEYJ77953030147785,1933-02-02,Student,Individual,Medium,4,"Unit 7206 Box 5066
DPO AE 01782",UAE,2026-01-29,2026-01-23,3373045,84,0,0,40155.29761904762,698045,46,1.7483862726041255,0,0,0,0,1.46,4,0,1.3516628915482276,0,Terror Financing,Structuring,RULE_089,Multiple suspicious transaction patterns detected.,High-value structured transactions across multiple accounts,2623787,0,977328,Mary Garcia,AML Analyst,302-596-9837x8273,Approved,2,Low,0,
SAR00101,2026-01-19,Secure National Bank,"Simon, Howell and Owens",Whitneymouth,NCUA,767.506.2102x56720,0,CUST00101,Tiffany Reyes,WJHK47794579074060,2002-12-25,Trader,Individual,Medium,3,"6499 Farrell Path Suite 676
West Jasmine, OR 77507",Singapore,2026-02-07,2026-02-01,3880358,82,1,0,47321.439024390245,557467,18,2.7775262374926113,0,0,0,0,0.18,1,0,5.644410906788825,0,Account Takeover,Layering,RULE_120,Multiple suspicious transaction patterns detected.,High-value structured transactions across multiple accounts,1222582,0,564128,Stephen Martin,AML Analyst,001-875-783-6137x648,Rejected,3,Medium,1,
SAR00102,2026-01-18,Secure National Bank,Griffith-Hood,Ericksonside,FDIC,(505)744-7891,1,CUST00102,Rachel Cooper,CASJ40669177082286,2010-08-03,Trader,Corporate,Medium,1,"99302 Charles Lake
New Johnview, SC 73525",Singapore,2026-01-26,2026-01-14,1538854,60,0,0,25647.566666666666,1209680,23,2.391801042159256,0,0,0,0,3.03,2,0,5.094221281497897,0,Terror Financing,Layering,RULE_120,Multiple suspicious transaction patterns detected.,High-value structured transactions across multiple accounts,1228033,1,284019,Sarah Atkinson,AML Analyst,+1-862-952-0263x96070,Pending,2,Low,0,
SAR00103,2026-01-27,Secure National Bank,Morrow Inc,Tatefort,Federal Reserve,001-683-220-9222x106,1,CUST00103,Anthony Martinez,BMBV08381304575307,1983-11-01,Trader,Corporate,High,7,"PSC 6337, Box 0297
APO AA 56101",UK,2026-01-07,2026-01-19,3651259,168,0,0,21733.684523809523,2900995,38,4.260833838903714,0,0,1,0,8.28,4,0,4.161539981797615,1,Account Takeover,Layering,RULE_120,Multiple suspicious transaction patterns detected.,High-value structured transactions across multiple accounts,1784759,0,284593,John Cox,AML Analyst,714.723.9008x2748,Pending,4,Medium,1,
SAR00104,2026-01-17,Global Trust Bank,Johnson-Murphy,North Aliciaville,NCUA,(478)707-4655x670,0,CUST00104,Michael Anthony,KAQX13001208709770,1992-05-03,Student,Corporate,Low,1,"PSC 5439, Box 0493
APO AA 10192",UK,2026-02-10,2026-01-22,1684161,124,0,0,13581.943548387097,665902,5,2.152018720172375,0,0,0,0,9.76,1,0,1.097361986775035,1,Money Laundering,Rapid Movement,RULE_120,Multiple suspicious transaction patterns detected.,High-value structured transactions across multiple accounts,890543,0,426609,Sara Andersen,AML Analyst,001-326-624-5299x81450,Pending,2,Low,0,
SAR00105,2026-01-16,Unity Financial Services,Austin Ltd,North Dominiquefurt,Federal Reserve,209-716-0894x0033,1,CUST00105,James Faulkner,VMKR49114681783065,1921-12-08,Consultant,Individual,Low,13,"68861 Joshua Heights Suite 707
Deniseville, CA 26272",UK,2026-01-04,2026-01-19,1064325,38,1,1,28008.552631578947,230019,18,4.7601812936876655,1,1,0,0,7.87,0,1,2.7936771393471638,1,Fraud,Smurfing,RULE_120,Multiple suspicious transaction patterns detected.,High-value structured transactions across multiple accounts,806961,0,249425,Cody Simmons,AML Analyst,(662)589-2879x93280,Rejected,6,High,1,
SAR00106,2026-02-02,Global Trust Bank,Park Inc,South Larry,FDIC,301-896-0982x0711,1,CUST00106,Jeff David,WDIO63049934205566,1963-07-30,Doctor,Corporate,Medium,7,"280 Mcguire Squares Apt. 733
West Joannaview, GA 86432",UK,2026-01-11,2026-01-20,4947625,12,0,0,412302.0833333333,2523970,22,6.366696821672074,0,0,0,0,5.18,2,0,6.802277792083533,0,Money Laundering,Rapid Movement,RULE_001,Multiple suspicious transaction patterns detected.,High-value structured transactions across multiple accounts,1113234,0,1063229,Melanie Greer,AML Analyst,239-789-4779,Pending,2,Low,0,
SAR00107,2026-01-05,Unity Financial Services,Parks Inc,Richardchester,NCUA,+1-891-645-4804,1,CUST00107,Christy Hamilton,ULAY50961617970013,1948-07-14,Trader,Individual,High,8,"39556 Lorraine Glens
Jessicafurt, NH 50796",India,2026-02-11,2026-01-08,4060447,156,1,1,26028.50641025641,1785752,5,5.085792894475785,1,1,1,1,3.55,1,0,2.6504642832500402,0,Account Takeover,Structuring,RULE_001,Multiple suspicious transaction patterns detected.,High-value structured transactions across multiple accounts,863116,0,1178983,Robert Barnes,AML Analyst,+1-307-810-3636x5261,Approved,10,High,1,
SAR00108,2026-01-09,Global Trust Bank,Sanchez Ltd,Thompsonmouth,NCUA,590.419.5228,1,CUST00108,Tiffany Swanson,QCOH64345777053239,1912-12-20,Trader,Individual,Low,5,"7504 Smith Creek
Ingramshire, ND 66436",Singapore,2026-01-31,2026-01-27,4644681,182,1,0,25520.225274725275,2848586,49,2.554134846852195,0,1,0,1,1.25,2,1,9.202971812194077,0,Money Laundering,Smurfing,RULE_089,Multiple suspicious transaction patterns detected.,High-value structured transactions across multiple accounts,2380217,0,218260,Kevin Holt,AML Analyst,+1-830-352-3542,Approved,6,High,1,
SAR00109,2026-01-05,Secure National Bank,Martin-Henry,Orrside,Federal Reserve,+1-657-660-2252x1174,0,CUST00109,Elizabeth Carr,TCTC86186208964345,1926-03-18,Engineer,Corporate,High,14,"91638 Chris Oval
Lake Laceyshire, SC 02620",UAE,2026-02-08,2026-01-21,1505071,150,0,0,10033.806666666667,31806,9,3.7216702383751334,1,1,1,1,1.97,0,0,8.61369996363436,0,Terror Financing,Layering,RULE_001,Multiple suspicious transaction patterns detected.,High-value structured transactions across multiple accounts,1065452,1,113892,Jacqueline Hensley,AML Analyst,+1-807-482-5800,Rejected,9,High,1,
SAR00110,2026-02-13,Secure National Bank,Anderson-Leblanc,South Paulamouth,NCUA,+1-560-371-6214x77347,0,CUST00110,Hannah Hill,EXSK52498547644688,2002-06-04,Doctor,Individual,Medium,2,"18808 Jones Curve Suite 734
Port Amandaberg, CT 48364",USA,2026-02-07,2026-01-22,871183,50,0,0,17423.66,846965,7,1.8059459817530088,0,0,0,0,7.53,0,1,1.0794371464646435,1,Terror Financing,Layering,RULE_120,Multiple suspicious transaction patterns detected.,High-value structured transactions across multiple accounts,532448,0,252241,Candace Ramirez,AML Analyst,678.792.6099x121,Rejected,0,Low,0,
SAR00111,2026-02-09,Secure National Bank,Smith LLC,Justinfort,FDIC,814-302-5405,0,CUST00111,Ana Dixon,AAVL12028760155917,2023-12-24,Trader,Individual,Medium,12,"9154 Charles Heights
Lake Frederickside, NJ 63430",Singapore,2026-02-02,2026-02-15,1231134,92,1,0,13381.891304347826,427955,13,4.134164492952614,0,0,0,0,6.12,2,0,6.362913539792481,1,Terror Financing,Structuring,RULE_120,Multiple suspicious transaction patterns detected.,High-value structured transactions across multiple accounts,808452,0,170471,Haley Reese,AML Analyst,(760)557-6290x81539,Approved,3,Medium,1,
SAR00112,2026-01-31,Unity Financial Services,Dennis and Sons,Albertmouth,FDIC,703-340-9383x48242,0,CUST00112,David Shelton,SEEH21621231943682,1987-07-27,Doctor,Corporate,High,10,"2129 Brianna Stravenue
West Edwardton, OK 65261",Singapore,2026-01-12,2026-01-12,2518024,112,1,0,22482.35714285714,2403083,40,1.9395386726777486,1,1,1,0,6.88,4,0,7.6099076002809385,1,Account Takeover,Smurfing,RULE_045,Multiple suspicious transaction patterns detected.,High-value structured transactions across multiple accounts,556953,1,152955,Patricia James,AML Analyst,+1-897-744-3558x16748,Approved,8,High,1,
SAR00113,2026-01-22,Secure National Bank,Carrillo-Mcclain,Riverachester,Federal Reserve,536-802-6528,1,CUST00113,Megan Garrison,JSSZ21819162743452,1925-11-18,Engineer,Corporate,High,6,"USNS Myers
FPO AE 94042",Singapore,2026-01-15,2026-02-06,3240192,24,1,1,135008.0,1745687,31,3.0560421549021486,0,0,0,0,3.68,4,0,5.930443341867841,0,Fraud,Smurfing,RULE_001,Multiple suspicious transaction patterns detected.,High-value structured transactions across multiple accounts,1409209,0,676180,Angela Edwards,AML Analyst,780-725-1192x70587,Rejected,3,Medium,1,
SAR00114,2026-02-08,Secure National Bank,"Ross, Dunn and Smith",Port Michael,FDIC,+1-962-551-7212x15832,1,CUST00114,Sheri Thomas,UYES57477028646709,1986-12-31,Business Owner,Individual,High,12,"47626 Atkins Well Suite 696
Stevenmouth, NH 58494",UK,2026-01-22,2026-01-23,1932205,178,0,0,10855.08426966292,109195,45,0.9299063982313216,1,0,1,1,5.61,1,0,8.250494101800621,0,Fraud,Layering,RULE_089,Multiple suspicious transaction patterns detected.,High-value structured transactions across multiple accounts,964080,0,33939,Reginald James,AML Analyst,+1-261-259-2102x8099,Pending,8,High,1,
SAR00115,2026-01-07,Unity Financial Services,Taylor-Clark,South Melissashire,Federal Reserve,639-858-0442,1,CUST00115,Joseph Austin,INOJ49893803981060,1920-05-21,Student,Corporate,High,6,"653 Whitehead Knolls Apt. 468
Browningville, CA 38267",UAE,2026-01-09,2026-01-20,2795373,121,0,0,23102.256198347106,2277158,36,5.172690564416094,1,1,0,0,5.98,2,0,6.425651995351915,0,Money Laundering,Structuring,RULE_089,Multiple suspicious transaction patterns detected.,High-value structured transactions across multiple accounts,1265601,0,658856,Katelyn Nelson,AML Analyst,(425)604-4419x537,Approved,5,Medium,1,
SAR00116,2026-02-01,Global Trust Bank,"Oliver, Vang and Aguilar",Williamsport,NCUA,001-491-583-7589x8933,1,CUST00116,Jessica Hoffman,MGHA00397832313151,1932-05-18,Trader,Individual,Low,3,"48273 Larry Summit Suite 394
East Glenville, ME 91554",Singapore,2026-01-11,2026-02-03,3836342,82,0,0,46784.65853658537,646147,11,7.399863866856117,1,1,0,1,5.86,4,0,9.406792451153406,0,Fraud,Mule Network,RULE_045,Multiple suspicious transaction patterns detected.,High-value structured transactions across multiple accounts,1364119,0,1004427,Mitchell Cook,AML Analyst,229-259-6145x728,Pending,7,High,1,
SAR00117,2026-01-03,Global Trust Bank,"Rhodes, Davis and Rodriguez",North Jamesburgh,NCUA,001-925-843-8365x25314,1,CUST00117,Thomas Butler,CWIV22616041656587,2018-05-14,Trader,Corporate,Low,6,"268 Smith Plains Suite 354
West Rachel, CA 33801",Singapore,2026-02-11,2026-02-10,2386732,53,0,0,45032.67924528302,774097,5,7.060190076640246,0,0,0,0,9.04,2,0,0.5728025107762336,1,Account Takeover,Smurfing,RULE_089,Multiple suspicious transaction patterns detected.,High-value structured transactions across multiple accounts,799875,0,285574,Monica Moreno,AML Analyst,718.626.1646x819,Pending,2,Low,0,
SAR00118,2026-01-19,Secure National Bank,Browning-Arnold,South Lisa,Federal Reserve,(506)837-4893x517,1,CUST00118,Jenna Horne,GUNJ89431698246054,1997-09-10,Engineer,Individual,High,10,"05959 Holloway Forge
North Kara, MS 48040",UK,2026-01-20,2026-02-12,2576165,156,0,0,16513.878205128207,1783539,42,2.8218707469320012,0,0,0,0,9.06,1,0,8.447894362860215,1,Fraud,Structuring,RULE_120,Multiple suspicious transaction patterns detected.,High-value structured transactions across multiple accounts,929695,0,659309,Gerald Dickerson,AML Analyst,(358)473-1477x35833,Pending,2,Low,0,
SAR00119,2026-01-25,Secure National Bank,"Mitchell, Melendez and Sanchez",Michaelville,NCUA,974-658-7395x626,0,CUST00119,Sheila Rodriguez,YWJZ58305492028056,2002-07-27,Business Owner,Corporate,Medium,14,"87194 Patterson Pine Suite 466
Alexaport, MI 74698",Singapore,2026-02-02,2026-01-10,2405081,111,0,0,21667.396396396398,938396,4,3.15189521097359,1,1,0,0,8.82,4,0,7.3082096498072975,1,Account Takeover,Smurfing,RULE_001,Multiple suspicious transaction patterns detected.,High-value structured transactions across multiple accounts,1897075,0,472002,Charles Richards,AML Analyst,887.376.3141,Rejected,5,Medium,1,
SAR00120,2026-02-03,Global Trust Bank,Garcia PLC,North Cody,FDIC,454-524-6403x25266,0,CUST00120,Sabrina Everett,SDER72184594982698,1911-07-12,Business Owner,Corporate,High,2,"38995 Jenkins Station
South Brad, NM 68143",UAE,2026-01-01,2026-01-17,3772255,53,0,0,71174.62264150943,285466,25,9.47035987738723,1,1,0,0,6.84,0,0,4.039778763265483,1,Money Laundering,Mule Network,RULE_089,Multiple suspicious transaction patterns detected.,High-value structured transactions across multiple accounts,1982423,1,621107,Ellen Smith,AML Analyst,(238)821-5585x9991,Rejected,5,Medium,1,
SAR00121,2026-01-21,Secure National Bank,Reyes-Webb,East Kyle,Federal Reserve,+1-820-957-1712x90166,0,CUST00121,Jessica Rogers,PNBE80832779507128,1993-05-09,Engineer,Individual,Low,8,"9626 Michael Squares
Sullivanport, TN 92802",Singapore,2026-02-02,2026-01-12,1384904,78,1,0,17755.17948717949,1066716,5,9.456981470002823,0,0,0,0,4.62,2,0,7.869701349176664,0,Account Takeover,Structuring,RULE_001,Multiple suspicious transaction patterns detected.,High-value structured transactions across multiple accounts,369993,0,406356,Charlotte Mccall,AML Analyst,667.986.1051,Pending,3,Medium,1,
SAR00122,2026-01-05,Unity Financial Services,Schultz-Steele,Jamesburgh,Federal Reserve,+1-869-643-7107x653,0,CUST00122,Todd Green,XWYT44681335160553,1988-10-25,Consultant,Corporate,Medium,14,"343 Elizabeth Underpass
Riddleland, AK 42082",USA,2026-02-12,2026-01-25,4996536,196,0,1,25492.530612244896,3476750,21,1.647063534322959,0,0,0,0,5.19,4,0,2.3879621138153926,0,Account Takeover,Rapid Movement,RULE_045,Multiple suspicious transaction patterns detected.,High-value structured transactions across multiple accounts,2352087,1,1157216,Brooke Cameron,AML Analyst,(910)965-6958,Approved,2,Low,0,
SAR00123,2026-02-09,Unity Financial Services,Powell LLC,South Sarahport,Federal Reserve,001-577-702-4723x1512,0,CUST00123,Timothy Mason,USLI01235025747541,1929-09-24,Consultant,Corporate,Medium,12,"05159 James Coves Suite 238
West Heidi, WY 78338",India,2026-01-30,2026-02-15,3232544,135,0,1,23944.77037037037,179023,44,5.387017979527142,1,1,0,1,9.64,3,0,7.574818847894173,1,Fraud,Layering,RULE_120,Multiple suspicious transaction patterns detected.,High-value structured transactions across multiple accounts,1182674,0,623242,Matthew Gonzales,AML Analyst,416-235-3819x13224,Approved,7,High,1,
SAR00124,2026-02-05,Global Trust Bank,Sawyer-Bell,Lake Jamie,FDIC,(396)514-8243,0,CUST00124,Curtis Madden,USJA65188432808150,1927-04-24,Business Owner,Corporate,High,5,"576 Elizabeth Pass
Ericside, VT 33773",Singapore,2026-01-13,2026-01-30,2038901,108,1,0,18878.712962962964,739417,42,4.47602940320217,1,1,0,1,5.07,3,0,7.326352347008328,0,Money Laundering,Mule Network,RULE_089,Multiple suspicious transaction patterns detected.,High-value structured transactions across multiple accounts,1411381,0,488475,Angel Escobar,AML Analyst,001-474-641-0125x67723,Pending,8,High,1,
SAR00125,2026-01-06,Global Trust Bank,"Steele, Austin and Braun",Sethstad,FDIC,2442024203,1,CUST00125,Kim Wong,BARZ31548635212421,1959-06-26,Business Owner,Individual,High,11,"013 Reyes Stream Apt. 675
Davidfort, MP 72857",USA,2026-01-19,2026-01-02,1965584,16,0,0,122849.0,1396405,16,9.884159894120765,0,0,0,0,7.25,1,0,1.6223340578247936,1,Money Laundering,Structuring,RULE_089,Multiple suspicious transaction patterns detected.,High-value structured transactions across multiple accounts,407985,0,310994,Linda Ellis,AML Analyst,376-757-2343,Pending,2,Low,0,
SAR00126,2026-01-19,Global Trust Bank,Bailey Group,Bairdchester,NCUA,661-634-2349,1,CUST00126,Joshua Wilson,JWRZ25066995868733,1977-08-22,Engineer,Individual,High,2,"5038 Fuentes Branch
South Lisa, CA 88241",UAE,2026-02-03,2026-01-02,3306017,130,0,0,25430.9,524165,5,9.734573899761731,0,0,0,0,9.18,2,0,8.216368977104716,1,Terror Financing,Layering,RULE_089,Multiple suspicious transaction patterns detected.,High-value structured transactions across multiple accounts,1572206,0,490162,Nicholas Peterson,AML Analyst,506.954.8726x103,Pending,2,Low,0,
SAR00127,2026-01-27,Unity Financial Services,Hooper PLC,Angelamouth,Federal Reserve,8339086838,1,CUST00127,Erica Dennis,NSSD78452410875953,1967-01-19,Trader,Individual,Low,6,"9842 Matthew Trail
Santosborough, LA 65334",USA,2026-02-08,2026-01-29,195237,25,0,0,7809.48,125987,26,1.0063747852353333,0,0,0,0,3.48,1,0,7.380691233385171,0,Fraud,Layering,RULE_001,Multiple suspicious transaction patterns detected.,High-value structured transactions across multiple accounts,133486,1,14875,Melissa Hogan,AML Analyst,001-655-818-1716x8648,Rejected,0,Low,0,
SAR00128,2026-01-23,Global Trust Bank,Stark Group,New Michael,Federal Reserve,(766)316-6643x936,0,CUST00128,Kevin Nelson,PBVU28035942309236,1943-03-31,Business Owner,Corporate,Low,6,"3354 Kelsey Crest Suite 792
East Jessica, GU 03754",USA,2026-01-21,2026-01-30,4357892,20,1,0,217894.6,3762985,2,3.1491958861296765,0,1,1,0,0.77,2,0,3.6037781993034756,0,Fraud,Structuring,RULE_045,Multiple suspicious transaction patterns detected.,High-value structured transactions across multiple accounts,1050701,1,533806,Anita Martinez,AML Analyst,571-581-1745x6993,Approved,6,High,1,
SAR00129,2026-01-31,Global Trust Bank,Huynh Group,Stephenview,Federal Reserve,539.994.3000x002,0,CUST00129,Elizabeth Griffith,BKOM83007927085530,1946-09-25,Doctor,Corporate,High,2,"08866 Sean Meadow
New Gregory, AS 80105",India,2026-02-05,2026-01-11,480595,149,0,0,3225.469798657718,320942,9,7.884473432532987,0,0,0,0,9.07,2,0,4.470555438064254,1,Money Laundering,Mule Network,RULE_120,Multiple suspicious transaction patterns detected.,High-value structured transactions across multiple accounts,228866,1,78814,Julia Sampson,AML Analyst,2766101273,Approved,0,Low,0,
SAR00130,2026-01-11,Unity Financial Services,Mendoza Inc,Smithmouth,NCUA,728-762-1210x9454,1,CUST00130,Bradley Clark,JWRR35081929905080,1946-04-24,Business Owner,Corporate,High,10,"714 Bonnie Burg Apt. 897
Nicholaschester, IL 17300",UAE,2026-01-20,2026-01-20,1026469,82,0,0,12517.914634146342,289154,20,0.18000088945214987,0,0,0,0,9.66,0,0,6.993153751262037,1,Money Laundering,Rapid Movement,RULE_089,Multiple suspicious transaction patterns detected.,High-value structured transactions across multiple accounts,722302,1,191337,Destiny Barnes,AML Analyst,(566)940-3651,Approved,2,Low,0,
SAR00131,2026-01-04,Unity Financial Services,"Thomas, Martinez and Rivera",North Paul,Federal Reserve,001-477-798-5261x00471,0,CUST00131,Tyler Reed,JJRI65386080932976,1991-01-30,Business Owner,Corporate,Medium,9,"4237 Jose Club
North Micheleton, AZ 15253",UK,2026-01-14,2026-02-15,1169795,23,0,0,50860.65217391304,843574,14,2.184431828833071,0,0,0,0,2.63,0,0,8.245348080870322,0,Money Laundering,Mule Network,RULE_120,Multiple suspicious transaction patterns detected.,High-value structured transactions across multiple accounts,286066,0,256271,Wesley Noble,AML Analyst,981-323-4637x3040,Pending,2,Low,0,
SAR00132,2026-01-14,Global Trust Bank,"Tapia, Horton and Hernandez",Paulstad,FDIC,001-896-243-4141,0,CUST00132,Lisa Kirby,QGOD59112078302232,1937-09-11,Student,Individual,Low,12,"5219 Nathan Pines Suite 479
Lake Steven, AS 74157",UAE,2026-01-23,2026-01-11,168834,72,0,1,2344.9166666666665,133775,2,6.678046832264065,0,0,0,0,1.85,4,0,5.828068350834896,0,Fraud,Rapid Movement,RULE_089,Multiple suspicious transaction patterns detected.,High-value structured transactions across multiple accounts,134605,1,26411,Harry Bowers,AML Analyst,001-686-961-8170x6427,Approved,0,Low,0,
SAR00133,2026-02-12,Unity Financial Services,Copeland-Mccoy,South Josephburgh,NCUA,(632)343-6402x1333,0,CUST00133,Gary Ramirez,ENVT54121039903260,2001-08-25,Trader,Corporate,High,3,"80519 Tina Pass
Lake Katie, MD 15654",USA,2026-01-07,2026-01-22,406067,165,0,0,2461.012121212121,77692,9,9.096268194365924,1,1,1,1,3.17,3,0,8.925232899548462,0,Account Takeover,Structuring,RULE_001,Multiple suspicious transaction patterns detected.,High-value structured transactions across multiple accounts,189238,0,76905,Sandra Anderson,AML Analyst,424-882-0707,Rejected,7,High,1,
SAR00134,2026-01-09,Unity Financial Services,Gilbert-Lawrence,Christopherton,NCUA,001-908-394-5577x504,1,CUST00134,Jennifer Bennett,KPYU00739809016573,1929-05-24,Doctor,Individual,Medium,7,"3500 Brittany Streets Apt. 842
Michaelshire, TN 64247",UK,2026-02-14,2026-01-29,4015162,136,0,1,29523.25,2775742,7,1.3169343847203852,0,0,0,0,9.71,3,1,9.83840312855438,1,Terror Financing,Mule Network,RULE_089,Multiple suspicious transaction patterns detected.,High-value structured transactions across multiple accounts,1450980,0,1073831,Joshua Patel,AML Analyst,+1-668-646-3896,Approved,2,Low,0,
SAR00135,2026-01-29,Secure National Bank,Reed PLC,West Richardville,FDIC,+1-865-995-2496x4210,0,CUST00135,Sabrina Soto,KLBQ20411566829753,2022-10-25,Doctor,Individual,Medium,6,"46661 Taylor Point Suite 843
Wilcoxburgh, WV 03421",UK,2026-01-13,2026-01-21,3026372,16,0,0,189148.25,2393229,26,9.07380164712847,0,1,1,0,4.47,3,0,8.541359976505042,0,Fraud,Smurfing,RULE_089,Multiple suspicious transaction patterns detected.,High-value structured transactions across multiple accounts,695151,1,766208,Ruben Johnson,AML Analyst,7023636452,Pending,5,Medium,1,
SAR00136,2026-01-13,Unity Financial Services,Hunt-Roberts,Chapmanton,FDIC,247.222.1596x129,1,CUST00136,Richard Brown,MOAK15181122749404,1997-03-18,Business Owner,Individual,Low,14,"481 Fisher Loop
West Johnny, MN 13880",India,2026-01-25,2026-01-21,4465276,181,0,0,24670.03314917127,4080837,42,2.9348882320812164,1,1,0,0,5.07,0,0,9.928168389990704,0,Account Takeover,Structuring,RULE_089,Multiple suspicious transaction patterns detected.,High-value structured transactions across multiple accounts,1245336,0,528567,Cody Robinson,AML Analyst,+1-810-718-8277x591,Pending,5,Medium,1,
SAR00137,2026-01-13,Unity Financial Services,"Walker, Oconnor and French",Houstonburgh,Federal Reserve,515.374.1756x263,1,CUST00137,Tracy Cruz,KIUH46114284016865,1956-11-30,Student,Corporate,High,14,"06180 Luna Burg
East Francisco, CO 48413",India,2026-02-12,2026-02-09,3719379,76,0,1,48939.19736842105,1656143,45,6.079052140907038,0,0,0,0,9.55,1,0,0.5113538144210072,1,Account Takeover,Smurfing,RULE_120,Multiple suspicious transaction patterns detected.,High-value structured transactions across multiple accounts,1318759,0,673723,Christopher May,AML Analyst,443.224.0706x697,Rejected,2,Low,0,
SAR00138,2026-02-09,Global Trust Bank,Hernandez-Mcdaniel,North Michael,FDIC,(821)544-8529,0,CUST00138,Adam Thompson,DFXO21362692605519,1962-02-20,Student,Corporate,Medium,7,"2618 Edwards Village
North Jennifer, CA 95267",India,2026-01-25,2026-02-07,4413285,165,0,0,26747.18181818182,2389291,18,0.9228479207325724,0,0,0,0,9.0,3,0,4.126753260833967,1,Terror Financing,Layering,RULE_120,Multiple suspicious transaction patterns detected.,High-value structured transactions across multiple accounts,2593500,0,1175750,Dean Blankenship,AML Analyst,+1-879-275-8861x06486,Pending,2,Low,0,
SAR00139,2026-01-24,Global Trust Bank,"Robles, Nelson and Cummings",Bautistahaven,FDIC,5242177174,0,CUST00139,Alexandra Webster,COHP23383719590865,1912-08-26,Student,Corporate,Low,1,"7995 Jennifer Groves Apt. 863
Tamarashire, AZ 55917",Singapore,2026-01-11,2026-02-07,866069,55,1,0,15746.709090909091,69200,39,8.736985934663451,0,0,0,0,9.02,2,0,6.948823736759592,1,Terror Financing,Mule Network,RULE_001,Multiple suspicious transaction patterns detected.,High-value structured transactions across multiple accounts,449919,0,21926,Collin Davis,AML Analyst,363-573-6650x7391,Rejected,1,Low,0,
SAR00140,2026-01-06,Unity Financial Services,Ramirez PLC,New Emilyport,NCUA,001-283-761-3799x5460,0,CUST00140,Denise Scott,LINI05539302033700,1992-07-19,Trader,Individual,Low,9,"49666 Banks Circle Suite 504
Crystalville, AR 03867",Singapore,2026-01-14,2026-01-20,213944,131,0,1,1633.1603053435115,124006,25,7.29173487549448,0,0,0,0,6.92,1,0,3.063134987782127,1,Fraud,Smurfing,RULE_089,Multiple suspicious transaction patterns detected.,High-value structured transactions across multiple accounts,144067,0,51242,Mike Torres,AML Analyst,+1-807-326-4470x2032,Pending,0,Low,0,
SAR00141,2026-01-04,Global Trust Bank,"Price, Phillips and Jones",Whitetown,Federal Reserve,(696)230-9029x63573,0,CUST00141,James Frey,XDVU09434160476517,2021-04-15,Student,Corporate,Low,8,"264 Vasquez Estates
Stephanieton, MP 94358",UAE,2026-02-09,2026-01-02,608291,176,0,0,3456.1988636363635,569046,41,4.309852205132962,0,0,0,0,3.71,0,0,3.7455288702012135,0,Money Laundering,Structuring,RULE_045,Multiple suspicious transaction patterns detected.,High-value structured transactions across multiple accounts,182557,0,26021,Erica Rodriguez,AML Analyst,+1-987-282-3107x879,Approved,0,Low,0,
SAR00142,2026-02-12,Secure National Bank,Gilbert and Sons,East Martinberg,FDIC,209-241-1537x008,0,CUST00142,Mark Carlson,EFFR84364960288337,1957-03-11,Trader,Individual,Medium,6,"46677 Todd Causeway
Williambury, MS 36079",Singapore,2026-01-24,2026-01-12,753736,51,0,0,14779.137254901962,704539,19,0.2544775990575088,0,0,0,0,3.41,2,0,8.47139489693785,0,Fraud,Rapid Movement,RULE_001,Multiple suspicious transaction patterns detected.,High-value structured transactions across multiple accounts,390926,1,131200,Nancy Fowler,AML Analyst,001-728-429-5679,Pending,0,Low,0,
SAR00143,2026-01-09,Global Trust Bank,"Blair, English and Carlson",Dawnmouth,Federal Reserve,(636)847-4813x10230,0,CUST00143,Cheryl Haley,XMBV56670190030477,1949-06-21,Student,Individual,High,11,"996 Ramirez Inlet Suite 116
Lake James, NE 36911",India,2026-01-29,2026-02-08,3330315,117,1,0,28464.23076923077,1489209,5,2.2848674675477074,0,0,0,0,1.36,1,0,1.6002493646319405,0,Fraud,Mule Network,RULE_120,Multiple suspicious transaction patterns detected.,High-value structured transactions across multiple accounts,712724,1,458107,Robin Holmes,AML Analyst,(514)460-8044x9164,Approved,3,Medium,1,
SAR00144,2026-01-06,Unity Financial Services,Rodriguez Inc,Barkerland,FDIC,377-833-6804x30881,0,CUST00144,Rebecca Lee,OZCG36886965062609,2000-07-19,Consultant,Corporate,Low,13,"1301 Maria Squares
Benjaminburgh, MA 06032",USA,2026-01-13,2026-02-04,3890180,41,0,0,94882.43902439025,3615793,37,4.740064284831559,1,0,1,1,0.31,3,1,5.41704812410004,0,Money Laundering,Smurfing,RULE_120,Multiple suspicious transaction patterns detected.,High-value structured transactions across multiple accounts,2556397,1,514018,Joshua Gregory,AML Analyst,(810)838-6898x399,Pending,8,High,1,
SAR00145,2026-01-13,Secure National Bank,"Morgan, Hardy and Butler",Lake Michael,NCUA,999.772.8521,0,CUST00145,Ronald Thomas,UDIH62851058298146,1986-12-29,Doctor,Corporate,High,3,"726 Barbara Square Suite 686
Amberfurt, MN 03711",Singapore,2026-01-30,2026-01-13,131060,55,0,0,2382.909090909091,75393,49,5.074463661197422,1,1,0,1,10.0,4,0,7.823883294600873,1,Money Laundering,Layering,RULE_120,Multiple suspicious transaction patterns detected.,High-value structured transactions across multiple accounts,83976,0,12810,Kimberly Jones,AML Analyst,8333972989,Rejected,5,Medium,1,
SAR00146,2026-01-15,Global Trust Bank,Kane-Monroe,East Jonathanview,Federal Reserve,+1-527-558-5590x8658,1,CUST00146,Kathryn Davis,VEWR12357560853468,1955-10-22,Engineer,Corporate,Low,13,"49640 Murray Ridge Suite 853
Port Helen, NV 16719",UAE,2026-01-18,2026-02-10,2186906,169,1,0,12940.272189349113,1505134,21,1.4798414736583476,0,0,0,0,9.07,2,1,4.5846642456925775,1,Fraud,Smurfing,RULE_089,Multiple suspicious transaction patterns detected.,High-value structured transactions across multiple accounts,487218,1,360394,Miranda Lawson,AML Analyst,374-517-4273x64899,Pending,3,Medium,1,
SAR00147,2026-02-04,Global Trust Bank,Lamb-Curry,Lindafort,FDIC,+1-312-990-6570x7835,1,CUST00147,Peter Fitzgerald,VQDD20388344070961,1916-06-26,Doctor,Corporate,Low,11,"3985 Foster Estate Apt. 081
Reillyland, FM 25313",UAE,2026-01-04,2026-02-11,4593727,24,0,0,191405.29166666666,595381,12,9.696077268480954,1,1,1,0,4.91,2,0,5.112754622007511,0,Account Takeover,Rapid Movement,RULE_045,Multiple suspicious transaction patterns detected.,High-value structured transactions across multiple accounts,2275710,0,1192867,Helen Cox,AML Analyst,001-794-233-5354x1917,Rejected,7,High,1,
SAR00148,2026-01-19,Unity Financial Services,Bauer-Perkins,Lake James,NCUA,001-518-270-0211x279,1,CUST00148,Christopher King,ZDFQ18173645045019,1910-07-30,Trader,Individual,Medium,1,"2313 Silva Well
Katieton, ID 17626",India,2026-01-26,2026-01-27,419299,183,1,0,2291.251366120219,289334,47,5.735289514555733,0,0,0,0,1.09,3,0,8.930902051954149,0,Account Takeover,Structuring,RULE_120,Multiple suspicious transaction patterns detected.,High-value structured transactions across multiple accounts,99572,1,56393,Jordan Landry,AML Analyst,(598)945-8151,Pending,1,Low,0,
SAR00149,2026-02-03,Secure National Bank,"Rivera, Frost and Johnson",New Brian,NCUA,740.233.4767x7362,0,CUST00149,Katie Glass,ISHL93856833765529,1936-03-14,Consultant,Corporate,High,12,"821 Patricia Mills
Port Anthony, UT 25750",UK,2026-01-27,2026-01-30,186948,35,1,0,5341.371428571429,95102,16,7.625963946941753,0,0,0,0,8.72,1,0,8.04437207679505,1,Fraud,Structuring,RULE_120,Multiple suspicious transaction patterns detected.,High-value structured transactions across multiple accounts,68657,0,53697,Kara Hughes,AML Analyst,689.771.2301x06034,Pending,1,Low,0,
SAR00150,2026-01-11,Secure National Bank,Rich Group,Novakview,Federal Reserve,(804)895-9715,1,CUST00150,Eric Adams,QTME83565363634632,1974-04-28,Student,Corporate,High,2,"572 Baker Crest
New Matthewfort, AK 36607",Singapore,2026-01-11,2026-01-30,4471951,30,0,1,149065.03333333333,1483768,40,2.9461939634619316,0,1,1,1,7.69,0,0,1.0440412974808144,1,Money Laundering,Mule Network,RULE_001,Multiple suspicious transaction patterns detected.,High-value structured transactions across multiple accounts,1965244,1,376092,Clinton Diaz,AML Analyst,+1-826-285-4344,Pending,7,High,1,
SAR00151,2026-02-01,Secure National Bank,Gamble-Richards,Brianbury,NCUA,635-760-3126,0,CUST00151,Joshua Rodriguez,EWHD73393311517090,2018-12-22,Consultant,Individual,Medium,8,"USS Silva
FPO AP 66022",Singapore,2026-01-21,2026-02-03,4561766,106,0,0,43035.52830188679,1302991,3,6.320898295062422,0,0,0,0,0.06,2,0,1.129316426860113,0,Fraud,Layering,RULE_089,Multiple suspicious transaction patterns detected.,High-value structured transactions across multiple accounts,3217161,0,654512,Shelby Robinson,AML Analyst,001-614-508-4594x08026,Pending,2,Low,0,
SAR00152,2026-01-18,Global Trust Bank,Robbins Group,Garyview,NCUA,+1-409-503-0587,0,CUST00152,Nicole Robinson,CPVE39699142252865,1914-04-22,Doctor,Individual,High,13,"654 Rasmussen Pines
Morganmouth, VI 23970",USA,2026-01-04,2026-01-13,4839777,17,0,0,284692.76470588235,3607615,47,2.111124711661362,1,0,1,0,5.83,0,0,6.034930960433787,0,Terror Financing,Smurfing,RULE_089,Multiple suspicious transaction patterns detected.,High-value structured transactions across multiple accounts,2006999,0,178472,Ryan Porter,AML Analyst,(543)799-0256x72863,Rejected,6,High,1,
SAR00153,2026-01-13,Unity Financial Services,"Lopez, Silva and Smith",Lake Theresa,Federal Reserve,461-623-1524,1,CUST00153,Megan Castro,DUEY90618744772354,1954-02-22,Engineer,Individual,Low,8,"23307 Stephanie Turnpike
South Kevin, IA 18707",Singapore,2026-01-31,2026-01-06,4861854,36,0,0,135051.5,567621,10,5.858647884535192,0,0,0,0,6.83,1,0,2.8997011894360902,1,Terror Financing,Layering,RULE_045,Multiple suspicious transaction patterns detected.,High-value structured transactions across multiple accounts,2615547,0,1337192,Michael Thomas,AML Analyst,734.780.9278,Rejected,2,Low,0,
SAR00154,2026-02-10,Global Trust Bank,Barry LLC,New Michaelburgh,Federal Reserve,608-209-0192x0846,0,CUST00154,Brianna Williams,IJFJ61393268649394,1939-11-27,Doctor,Corporate,Medium,10,"366 Kayla Plaza
Steelehaven, WA 51802",USA,2026-01-10,2026-01-12,4536211,123,1,0,36879.76422764228,1813286,14,8.819921697216358,0,0,0,0,2.72,0,0,7.830166373167328,0,Account Takeover,Rapid Movement,RULE_089,Multiple suspicious transaction patterns detected.,High-value structured transactions across multiple accounts,2853382,0,1218961,Larry Singleton,AML Analyst,758.215.2336,Rejected,3,Medium,1,
SAR00155,2026-02-12,Secure National Bank,"Bell, Martin and Robinson",Lake Dennisshire,Federal Reserve,964.372.6026x16606,1,CUST00155,Richard Green,NNMR15959524724406,1990-02-12,Consultant,Individual,Medium,12,"PSC 5328, Box 8306
APO AE 35860",UK,2026-01-10,2026-02-10,739983,173,0,1,4277.358381502891,171277,5,9.404485057361725,0,0,0,0,8.27,2,0,5.718091636071537,1,Fraud,Smurfing,RULE_001,Multiple suspicious transaction patterns detected.,High-value structured transactions across multiple accounts,550784,1,93767,Larry Johnson,AML Analyst,(577)676-1853x77335,Approved,0,Low,0,
SAR00156,2026-01-17,Unity Financial Services,"Gutierrez, Conley and Hicks",North Kristopher,Federal Reserve,+1-362-738-9911x49961,0,CUST00156,David Duncan,DLLB15954894704581,2014-09-14,Trader,Corporate,Medium,11,"824 Howard Valleys
Lake Mark, MO 52504",India,2026-01-28,2026-01-23,3330495,183,0,0,18199.426229508197,1818924,17,6.870192665032428,0,0,0,0,6.33,1,0,6.663854135782064,1,Money Laundering,Smurfing,RULE_089,Multiple suspicious transaction patterns detected.,High-value structured transactions across multiple accounts,2596548,1,949963,Ronald Larsen,AML Analyst,479-275-2935,Pending,2,Low,0,
SAR00157,2026-01-06,Unity Financial Services,Mann Group,Markside,Federal Reserve,(729)947-6320x86908,0,CUST00157,William Campbell,GMZN70777166451892,1936-10-30,Student,Corporate,Medium,14,"5609 Joel Road
Barberport, ME 36425",USA,2026-02-09,2026-01-09,3429083,144,0,0,23813.07638888889,1906860,42,1.0480806499757211,0,0,0,0,8.66,2,0,7.707806182638798,1,Money Laundering,Mule Network,RULE_045,Multiple suspicious transaction patterns detected.,High-value structured transactions across multiple accounts,691744,1,191366,Zachary Adams,AML Analyst,703-518-9492,Approved,2,Low,0,
SAR00158,2026-02-15,Unity Financial Services,"Pearson, Fitzgerald and Rice",New Brucefurt,FDIC,462.961.6699,0,CUST00158,Jacqueline Mills,GUUS05050060788802,2018-11-15,Student,Individual,Low,9,"USNV Thompson
FPO AA 65577",UK,2026-02-01,2026-01-01,3177382,134,0,1,23711.805970149253,348567,9,6.573534821701285,0,0,0,0,2.16,4,0,1.3660090365117261,0,Money Laundering,Smurfing,RULE_001,Multiple suspicious transaction patterns detected.,High-value structured transactions across multiple accounts,1877781,1,300860,Gary Davis,AML Analyst,001-512-549-2852x669,Rejected,2,Low,0,
SAR00159,2026-01-08,Unity Financial Services,Allen-Mclean,South Vicki,Federal Reserve,(468)354-0871,0,CUST00159,Christopher Farley,AXPC49277083953631,1930-05-31,Business Owner,Individual,High,10,"581 Richardson Shoal
South Saratown, AZ 50584",UK,2026-01-08,2026-02-01,2580508,32,0,0,80640.875,1363311,1,8.902150026361744,0,0,0,0,0.58,1,0,0.14693388654953843,0,Account Takeover,Rapid Movement,RULE_045,Multiple suspicious transaction patterns detected.,High-value structured transactions across multiple accounts,1103054,0,14962,Victoria Jenkins,AML Analyst,+1-288-695-7861x50579,Approved,2,Low,0,
SAR00160,2026-01-08,Secure National Bank,Meyer LLC,Port Kellyville,FDIC,232-218-1467x738,0,CUST00160,Dawn Davila,TXNO72316412674756,1925-10-21,Consultant,Corporate,Medium,12,"617 Ronald Rapids Suite 432
Sarahview, PR 81815",USA,2026-02-11,2026-01-27,742954,157,0,0,4732.1910828025475,505098,47,3.3024277933640533,1,1,0,1,7.62,3,0,9.760138232792135,1,Money Laundering,Smurfing,RULE_001,Multiple suspicious transaction patterns detected.,High-value structured transactions across multiple accounts,204557,0,171657,Joe Bowman,AML Analyst,530.361.4334,Approved,5,Medium,1,
SAR00161,2026-01-03,Global Trust Bank,Ross-Whitaker,Cheyennehaven,NCUA,9983532779,0,CUST00161,Victor Estrada,MIXY30857215604449,2003-06-09,Doctor,Corporate,Medium,4,"201 Thomas Mills Apt. 531
Nguyenview, WI 05667",Singapore,2026-02-04,2026-02-03,4586025,169,0,0,27136.242603550298,297575,25,7.731418739186715,0,0,0,0,3.72,2,0,8.470608269838994,0,Terror Financing,Smurfing,RULE_001,Multiple suspicious transaction patterns detected.,High-value structured transactions across multiple accounts,982129,1,1077530,Nichole Taylor,AML Analyst,001-552-731-2775x9225,Rejected,2,Low,0,
SAR00162,2026-01-18,Unity Financial Services,Sanchez-Williams,West Kristinamouth,Federal Reserve,001-325-470-9229x467,0,CUST00162,Catherine Williams,SHVU19193376649422,1917-03-30,Trader,Corporate,High,10,"613 Brandt Harbor Apt. 523
Millerton, FL 37756",UK,2026-01-15,2026-01-22,4147535,49,1,1,84643.57142857143,2343005,4,8.994552125461016,0,0,0,0,6.03,4,0,5.822087597682311,1,Terror Financing,Rapid Movement,RULE_001,Multiple suspicious transaction patterns detected.,High-value structured transactions across multiple accounts,3293662,0,660375,Patrick Smith,AML Analyst,+1-861-639-5599x533,Approved,3,Medium,1,
SAR00163,2026-01-29,Unity Financial Services,"Beard, Nguyen and Kerr",Sarahfort,FDIC,(899)230-1877x09048,1,CUST00163,Steven Richardson,VKXF49444137040515,1968-06-25,Doctor,Corporate,Low,13,"6877 Emma Stravenue Apt. 724
Port Megan, NC 85170",USA,2026-01-11,2026-01-02,262354,147,0,0,1784.7210884353742,66215,28,7.769280103272255,0,0,0,0,6.2,0,0,2.7623732497515308,1,Money Laundering,Mule Network,RULE_089,Multiple suspicious transaction patterns detected.,High-value structured transactions across multiple accounts,206995,0,71340,Danielle Williams,AML Analyst,(707)205-8510,Pending,0,Low,0,
SAR00164,2026-01-17,Secure National Bank,Pace-Carroll,Lake Karenfurt,FDIC,536-468-3549x6273,0,CUST00164,Joy Carrillo,VMQV16201750106217,2009-11-02,Engineer,Individual,Medium,1,"829 Mcintosh Court
West Toniburgh, AK 52190",UK,2026-02-07,2026-01-07,1039186,69,0,0,15060.666666666666,956344,47,9.174858431319903,0,1,1,1,0.08,3,0,9.579341210567705,0,Terror Financing,Layering,RULE_045,Multiple suspicious transaction patterns detected.,High-value structured transactions across multiple accounts,538086,0,156066,Taylor Harris,AML Analyst,784.315.8743x182,Pending,7,High,1,
SAR00165,2026-02-12,Global Trust Bank,Cunningham and Sons,Kempfort,FDIC,386.239.7000x7413,0,CUST00165,Matthew Walsh,YWSU85546733655573,1977-02-13,Business Owner,Individual,High,12,"PSC 5840, Box 4588
APO AA 16249",Singapore,2026-01-25,2026-01-13,294220,138,0,0,2132.0289855072465,200877,22,7.6085434451449565,0,0,0,0,4.59,2,0,8.976746726779567,0,Terror Financing,Rapid Movement,RULE_120,Multiple suspicious transaction patterns detected.,High-value structured transactions across multiple accounts,177888,0,87823,Jamie Horton,AML Analyst,001-804-570-8207x241,Pending,0,Low,0,
SAR00166,2026-01-05,Global Trust Bank,"Curry, Anderson and Lawson",East Vincent,Federal Reserve,746-318-0421x499,0,CUST00166,Jennifer Willis,IMXE56060235456213,1937-08-21,Doctor,Individual,High,2,"61172 Rivera Brooks Apt. 732
Port Meghantown, LA 91183",UK,2026-02-04,2026-01-21,3916147,74,0,0,52920.90540540541,2130480,16,6.365386467533543,0,0,0,0,9.53,0,0,5.93560935378786,1,Money Laundering,Mule Network,RULE_089,Multiple suspicious transaction patterns detected.,High-value structured transactions across multiple accounts,954948,0,1152730,David Warner,AML Analyst,635-412-4358x296,Rejected,2,Low,0,
SAR00167,2026-01-17,Unity Financial Services,Edwards-Wright,West Katherinebury,Federal Reserve,4464122281,0,CUST00167,Robert Reynolds,FBFP76923016952683,2025-04-18,Consultant,Corporate,High,6,"259 Thomas Parks
North Rita, CA 85652",UK,2026-01-25,2026-01-15,1474793,21,1,0,70228.23809523809,755186,43,5.214596387214719,1,1,1,0,6.41,0,0,8.5520698501837,1,Terror Financing,Rapid Movement,RULE_045,Multiple suspicious transaction patterns detected.,High-value structured transactions across multiple accounts,828595,1,347057,Brittany Cervantes,AML Analyst,4278954311,Approved,8,High,1,
SAR00168,2026-01-12,Secure National Bank,Monroe-Orozco,Christianfurt,Federal Reserve,376-775-9293x892,0,CUST00168,Tristan Wilson,CDRE47513690202113,1929-03-18,Trader,Corporate,Medium,12,"32425 Tina Terrace Apt. 766
Lake Ashley, VI 86204",Singapore,2026-02-02,2026-01-18,697137,175,0,0,3983.64,684892,24,8.0807928235583,0,0,0,0,8.08,4,0,6.62434011701068,1,Account Takeover,Rapid Movement,RULE_120,Multiple suspicious transaction patterns detected.,High-value structured transactions across multiple accounts,188994,0,83203,Melissa Mcgrath,AML Analyst,5326926382,Pending,0,Low,0,
SAR00169,2026-01-15,Global Trust Bank,"Flores, Clayton and Cook",Lake Jacqueline,NCUA,+1-655-541-9968x78542,0,CUST00169,Daniel Roth,TXZG95209637138054,1995-08-28,Engineer,Corporate,Low,14,"0313 Lauren Cliffs
Port Michael, WY 65692",UK,2026-01-30,2026-01-31,4589946,133,0,0,34510.87218045113,4306400,29,4.815493402758543,0,0,0,0,0.33,2,1,6.220395623709938,0,Fraud,Rapid Movement,RULE_001,Multiple suspicious transaction patterns detected.,High-value structured transactions across multiple accounts,3651143,0,790170,Scott Collins,AML Analyst,(639)225-1231x638,Rejected,2,Low,0,
SAR00170,2026-01-27,Unity Financial Services,Welch Group,Coltonborough,Federal Reserve,001-318-983-4578x03973,0,CUST00170,Angela Lee,BSZX25099752583121,1957-12-24,Trader,Individual,Low,2,"2449 Jay Field
Mannmouth, TN 62190",Singapore,2026-01-16,2026-02-02,711673,5,0,1,142334.6,685089,45,9.743722386792577,0,0,0,0,7.52,4,0,6.795499271339084,1,Account Takeover,Rapid Movement,RULE_045,Multiple suspicious transaction patterns detected.,High-value structured transactions across multiple accounts,238363,0,153542,David Moore,AML Analyst,776.593.0769x264,Approved,0,Low,0,
SAR00171,2026-01-29,Global Trust Bank,"Cannon, Santana and Baker",Lake Shawnborough,Federal Reserve,+1-676-991-8010,1,CUST00171,Robert George,GLRD81512717144177,1983-11-22,Consultant,Corporate,Low,10,"USNS Wang
FPO AP 48320",UK,2026-01-19,2026-02-10,4615146,80,0,1,57689.325,4144289,19,1.438143503148137,0,0,0,0,8.46,4,0,8.888874240036298,1,Money Laundering,Mule Network,RULE_089,Multiple suspicious transaction patterns detected.,High-value structured transactions across multiple accounts,2430813,0,353486,Cynthia Bailey,AML Analyst,+1-660-238-9513x427,Pending,2,Low,0,
SAR00172,2026-02-15,Secure National Bank,Clark Group,Rileyview,Federal Reserve,401-386-8435x2282,1,CUST00172,Alexander Campbell,QSAJ08952533461113,1973-01-19,Trader,Individual,Low,10,"630 Freeman Road
Melodyland, CA 15521",Singapore,2026-01-29,2026-01-14,230391,107,0,1,2153.1869158878503,149941,28,6.360424687799683,1,1,0,1,0.48,3,0,8.247878562777867,0,Money Laundering,Smurfing,RULE_045,Multiple suspicious transaction patterns detected.,High-value structured transactions across multiple accounts,117360,0,3138,Kelly Baker DDS,AML Analyst,(771)242-4216,Pending,5,Medium,1,
SAR00173,2026-01-06,Global Trust Bank,Anderson-Mcgee,Stewartbury,FDIC,472.582.2024x290,0,CUST00173,Jerome Jackson,FIRO47554087510841,2025-01-12,Consultant,Individual,High,4,"3054 Tonya Creek Suite 387
Shellyhaven, MA 28731",UK,2026-01-20,2026-01-28,1988044,99,0,0,20081.252525252527,1832069,41,0.00011634755366141114,1,1,1,0,3.04,2,1,9.668454997992853,0,Account Takeover,Rapid Movement,RULE_001,Multiple suspicious transaction patterns detected.,High-value structured transactions across multiple accounts,665151,0,442476,Joseph Stewart,AML Analyst,+1-304-549-5589x0365,Pending,7,High,1,
SAR00174,2026-01-26,Global Trust Bank,Rodgers-Lewis,South Susanfurt,FDIC,001-287-440-3800x1217,0,CUST00174,Andrea Sanchez,ZMHT16351141340477,1982-05-04,Engineer,Individual,High,8,"7402 Miller Spring Suite 850
North Kristenbury, FL 04255",USA,2026-02-15,2026-01-20,3244254,62,1,1,52326.67741935484,849081,30,3.252951340230311,0,0,0,0,1.82,2,1,7.62482884475553,0,Account Takeover,Structuring,RULE_089,Multiple suspicious transaction patterns detected.,High-value structured transactions across multiple accounts,1704799,0,370516,Dennis Martin,AML Analyst,001-891-316-4006x02732,Pending,3,Medium,1,
SAR00175,2026-02-13,Secure National Bank,"Smith, Cobb and Smith",Port Kennethburgh,Federal Reserve,+1-807-700-5584x1535,1,CUST00175,Tracy Wilson,RSKQ65995415875142,1987-02-27,Business Owner,Individual,Medium,9,"4217 David Corners
Hamiltonport, VT 83187",USA,2026-02-03,2026-01-08,1450065,36,0,1,40279.583333333336,1418562,34,7.806317174255572,0,0,0,0,0.42,0,0,1.2994137226794122,0,Account Takeover,Structuring,RULE_001,Multiple suspicious transaction patterns detected.,High-value structured transactions across multiple accounts,777314,1,308206,Brenda Campbell,AML Analyst,001-546-230-2666x31841,Approved,2,Low,0,
SAR00176,2026-02-01,Unity Financial Services,Nichols Ltd,Lake Jennifer,NCUA,459-706-0256,0,CUST00176,James Daniels,KDGZ91577949511579,1918-04-27,Business Owner,Individual,High,4,"2506 Lane Park Apt. 223
Hopkinsborough, NE 74117",UAE,2026-02-11,2026-01-20,3534921,108,0,0,32730.75,2187926,32,0.982349921890805,1,1,0,0,0.52,0,0,1.5732628000182824,0,Fraud,Mule Network,RULE_001,Multiple suspicious transaction patterns detected.,High-value structured transactions across multiple accounts,959111,1,711638,Austin Kelly,AML Analyst,001-451-999-5581x525,Rejected,5,Medium,1,
SAR00177,2026-02-09,Secure National Bank,"Edwards, Bullock and Olson",Burtonfurt,Federal Reserve,323.875.5639x2204,1,CUST00177,Kristina Lewis,APBO21124261642070,1930-12-21,Student,Corporate,Low,8,"33852 Paula Turnpike Suite 769
Port Jamesshire, FL 75312",India,2026-02-08,2026-01-28,2073671,69,0,0,30053.202898550724,1983192,3,4.825004202353607,0,0,0,0,9.07,0,0,7.975473605371994,1,Fraud,Structuring,RULE_001,Multiple suspicious transaction patterns detected.,High-value structured transactions across multiple accounts,1181053,1,60663,Brett Reyes,AML Analyst,986-850-3661,Approved,2,Low,0,
SAR00178,2026-01-26,Secure National Bank,Sanchez-Freeman,East Kellyfort,Federal Reserve,001-993-744-0892,1,CUST00178,Justin Allen,FJWD35684412238973,1927-06-17,Doctor,Corporate,Medium,3,"4360 Moore Lakes Suite 407
Brandymouth, ND 62422",Singapore,2026-01-12,2026-01-12,4677412,87,0,0,53763.35632183908,4675432,49,5.407345671331042,0,0,0,0,4.82,4,1,3.965536819899632,0,Money Laundering,Smurfing,RULE_001,Multiple suspicious transaction patterns detected.,High-value structured transactions across multiple accounts,1305133,1,220689,Amanda Hammond,AML Analyst,+1-980-577-2401,Approved,2,Low,0,
SAR00179,2026-01-27,Global Trust Bank,Washington-Kelley,Kevinland,NCUA,001-236-860-6480x11106,0,CUST00179,Mr. Joseph Mason,UHEJ93684279331380,1989-04-19,Doctor,Individual,High,5,"444 Angela Ford Apt. 952
Port Chasestad, AL 25863",Singapore,2026-01-02,2026-01-01,4227102,6,1,1,704517.0,1380607,22,6.72702994208898,1,1,0,1,0.12,3,0,3.067765995221412,0,Terror Financing,Structuring,RULE_089,Multiple suspicious transaction patterns detected.,High-value structured transactions across multiple accounts,1740615,0,423618,Elizabeth Erickson,AML Analyst,(898)618-6028,Rejected,8,High,1,
SAR00180,2026-02-01,Secure National Bank,Hopkins LLC,Matthewchester,NCUA,492-990-8931x24586,0,CUST00180,William Santiago,PNSF68373966792886,1933-01-14,Engineer,Corporate,High,1,"079 Collier Estates Apt. 429
South Michaelland, GA 24162",UK,2026-02-05,2026-02-04,995029,73,0,0,13630.534246575342,268031,33,2.85758324592706,0,0,0,0,3.32,1,0,6.417343972985582,0,Terror Financing,Layering,RULE_001,Multiple suspicious transaction patterns detected.,High-value structured transactions across multiple accounts,599890,0,59400,Vincent Davis,AML Analyst,220.671.9360x9235,Rejected,0,Low,0,
SAR00181,2026-01-23,Secure National Bank,Mitchell PLC,North Karen,Federal Reserve,+1-601-594-5109x1249,0,CUST00181,Vincent Clark,EPRR41033628296797,2016-07-28,Trader,Individual,Low,10,"USCGC Rose
FPO AP 75050",UAE,2026-01-24,2026-02-13,4041405,152,0,1,26588.190789473683,2191268,24,2.763191084658536,0,0,0,0,0.68,4,1,1.133035047274642,0,Money Laundering,Smurfing,RULE_089,Multiple suspicious transaction patterns detected.,High-value structured transactions across multiple accounts,1786950,1,854216,Matthew Sheppard,AML Analyst,609-722-1019x01069,Rejected,2,Low,0,
SAR00182,2026-01-01,Secure National Bank,"Allen, Estrada and Burns",East Krystalberg,NCUA,+1-774-769-5659x0094,1,CUST00182,Matthew Baker,MXWT24084469201436,1978-08-29,Consultant,Corporate,Low,10,"53979 Grant Street
West Deborah, MH 83184",UAE,2026-01-22,2026-01-21,3531362,181,0,0,19510.28729281768,655443,7,2.642762631586393,0,0,0,0,2.69,3,0,6.036372005593751,0,Fraud,Smurfing,RULE_001,Multiple suspicious transaction patterns detected.,High-value structured transactions across multiple accounts,869377,0,1007945,Paul Baldwin,AML Analyst,843-960-5733,Rejected,2,Low,0,
SAR00183,2026-01-19,Secure National Bank,Smith PLC,West Tyler,FDIC,001-917-637-4837x419,0,CUST00183,Joseph Brewer,OPXE63526210889779,2023-09-24,Business Owner,Corporate,Medium,2,"PSC 4500, Box 0505
APO AA 99860",UK,2026-01-11,2026-01-16,1165117,152,0,0,7665.243421052632,66842,20,0.9209525323290235,1,1,1,1,6.72,0,0,8.660956336116914,1,Account Takeover,Mule Network,RULE_089,Multiple suspicious transaction patterns detected.,High-value structured transactions across multiple accounts,894856,0,54118,Melissa Scott,AML Analyst,445.294.5067x336,Pending,9,High,1,
SAR00184,2026-02-12,Secure National Bank,"Evans, Richardson and Mcmahon",North Barbaraberg,NCUA,218-262-0917,0,CUST00184,Ricky Bush,RPPT13266033665436,1963-08-27,Consultant,Corporate,High,7,"8441 Kelly Squares Apt. 937
North Jeffreyport, OR 81020",Singapore,2026-01-06,2026-01-26,894493,183,0,0,4887.939890710382,783799,21,2.026326341353432,0,0,0,0,6.8,3,0,2.5310153917960876,1,Money Laundering,Mule Network,RULE_001,Multiple suspicious transaction patterns detected.,High-value structured transactions across multiple accounts,420548,1,107080,Cody Duffy,AML Analyst,2057360415,Approved,0,Low,0,
SAR00185,2026-01-17,Unity Financial Services,Kelley Ltd,Jasonside,Federal Reserve,+1-815-937-1126x0460,0,CUST00185,James Tucker,BTPL03271337576778,1940-12-21,Student,Corporate,Medium,9,"67368 Young Ville Apt. 529
North Susan, PW 72116",India,2026-01-23,2026-02-03,4474353,164,0,0,27282.64024390244,2519719,6,9.770069544389434,0,0,0,0,4.34,2,1,4.340209727087588,0,Money Laundering,Smurfing,RULE_089,Multiple suspicious transaction patterns detected.,High-value structured transactions across multiple accounts,1589410,0,971088,Johnny Baker,AML Analyst,(469)408-1306x23809,Approved,2,Low,0,
SAR00186,2026-01-30,Secure National Bank,"Johnson, Sharp and Bradley",North Christopher,NCUA,+1-359-259-8176x222,0,CUST00186,Michael Knight,WNJZ62687895388410,1940-07-14,Doctor,Corporate,Low,2,"742 Smith Estate Apt. 133
Jeffreytown, NH 96571",UK,2026-01-05,2026-01-03,2823907,21,1,0,134471.7619047619,9138,41,2.420220799808772,1,1,0,0,2.48,0,0,0.6252629574284574,0,Fraud,Mule Network,RULE_001,Multiple suspicious transaction patterns detected.,High-value structured transactions across multiple accounts,1342384,1,514006,Kaitlyn Stevens,AML Analyst,7238143524,Rejected,6,High,1,
SAR00187,2026-01-01,Secure National Bank,"Hendrix, Parker and Oconnell",South Davidmouth,NCUA,377.637.1175x9287,1,CUST00187,David Hart,JSAG06960057690080,1919-09-12,Consultant,Corporate,High,8,"048 Craig Cliffs Apt. 992
Josephport, NH 00947",India,2026-01-14,2026-02-03,4605145,98,0,0,46991.27551020408,1374391,10,8.849643081805878,0,0,0,0,2.83,2,0,9.876595923412518,0,Money Laundering,Mule Network,RULE_089,Multiple suspicious transaction patterns detected.,High-value structured transactions across multiple accounts,1726457,1,590603,Sherry Freeman,AML Analyst,+1-677-692-9496x444,Rejected,2,Low,0,
SAR00188,2026-01-30,Unity Financial Services,Mcclure PLC,Margaretville,NCUA,(263)489-6318,0,CUST00188,Anthony Munoz,UHNQ04282606557813,1926-10-17,Engineer,Individual,Low,11,"5151 Gonzalez Plain Suite 941
Hopkinstown, NV 62487",USA,2026-01-02,2026-01-13,3830258,93,0,1,41185.56989247312,2577582,49,8.651933473978112,1,1,1,0,6.38,1,0,9.362806214689266,1,Account Takeover,Structuring,RULE_045,Multiple suspicious transaction patterns detected.,High-value structured transactions across multiple accounts,913148,1,335970,Michael Mccullough,AML Analyst,950.362.5519x3358,Pending,7,High,1,
SAR00189,2026-01-11,Global Trust Bank,"Young, Collins and Banks",Lisamouth,NCUA,+1-277-686-3588x50425,1,CUST00189,Jose Middleton,RVFO42797852278964,2016-07-31,Trader,Corporate,Medium,1,"61141 Hester Summit Apt. 025
West Jeremy, HI 68963",USA,2026-02-13,2026-02-01,1847360,8,0,1,230920.0,1675357,7,0.5617607734743901,0,0,0,0,1.05,2,0,9.240268704257328,0,Money Laundering,Rapid Movement,RULE_045,Multiple suspicious transaction patterns detected.,High-value structured transactions across multiple accounts,493482,0,435896,Andrew Peterson,AML Analyst,4926615123,Rejected,2,Low,0,
SAR00190,2026-01-31,Secure National Bank,Mathis Inc,New Heatherberg,FDIC,(833)650-0364,0,CUST00190,Christopher Ellison,QSLP52695875685744,1934-02-18,Trader,Corporate,Low,9,"291 Carey Mission
Port Alisonfort, NH 83426",USA,2026-01-07,2026-01-12,2937977,199,0,0,14763.70351758794,2792948,47,6.851343098744841,0,0,0,0,3.1,3,0,3.568859751711102,0,Terror Financing,Rapid Movement,RULE_089,Multiple suspicious transaction patterns detected.,High-value structured transactions across multiple accounts,1211250,1,695677,Victor Martinez,AML Analyst,+1-592-531-3412x55894,Approved,2,Low,0,
SAR00191,2026-01-21,Secure National Bank,Turner Inc,New Carrieburgh,NCUA,348-495-1795,1,CUST00191,Thomas Cook,BRKI36358922456540,1942-02-14,Trader,Individual,Low,1,"27230 Sanchez Green
Alexismouth, WV 30479",India,2026-01-31,2026-02-07,3143102,100,1,0,31431.02,971020,36,6.32216597753949,1,1,0,0,8.29,0,1,3.4478142007264703,1,Terror Financing,Mule Network,RULE_120,Multiple suspicious transaction patterns detected.,High-value structured transactions across multiple accounts,1499593,0,12494,Michael Finley,AML Analyst,(846)420-8268,Rejected,6,High,1,
SAR00192,2026-01-27,Global Trust Bank,Williams and Sons,Port Vanessaview,FDIC,(909)728-5957,0,CUST00192,Loretta Bruce,UPUK93134071636457,1956-07-16,Trader,Corporate,Low,10,"90924 Emily Mission Suite 779
West Jeannebury, FL 92989",USA,2026-01-24,2026-01-24,884854,169,1,0,5235.822485207101,237076,32,6.939495905101568,0,0,0,0,5.15,0,0,8.816624823327126,0,Fraud,Mule Network,RULE_045,Multiple suspicious transaction patterns detected.,High-value structured transactions across multiple accounts,241474,0,154533,Terry Henry,AML Analyst,487.285.8864x2975,Pending,1,Low,0,
SAR00193,2026-01-01,Global Trust Bank,Woods LLC,East Timothy,Federal Reserve,001-691-978-0115x31705,0,CUST00193,Zachary Harding,ZIMR57348825239131,1964-08-16,Consultant,Individual,High,10,"Unit 3652 Box 5377
DPO AE 73070",UK,2026-01-20,2026-02-06,4114545,32,0,1,128579.53125,1961874,14,1.6693107081750147,0,1,0,0,4.15,0,0,4.1186474041749594,0,Money Laundering,Smurfing,RULE_089,Multiple suspicious transaction patterns detected.,High-value structured transactions across multiple accounts,2683328,0,404318,Monica James,AML Analyst,794-859-1359,Rejected,3,Medium,1,
SAR00194,2026-01-10,Global Trust Bank,Eaton-Taylor,East Patricia,NCUA,001-486-747-1626x4820,0,CUST00194,William Mitchell,QGMM37316364476822,1978-05-19,Student,Corporate,Medium,10,"6185 Sherri Ranch
Codyshire, UT 99545",UAE,2026-01-18,2026-01-09,2408233,97,0,0,24827.144329896906,1196855,47,1.1539464217891737,0,0,0,0,3.37,1,0,8.956747776187786,0,Terror Financing,Smurfing,RULE_045,Multiple suspicious transaction patterns detected.,High-value structured transactions across multiple accounts,776871,0,302911,Felicia Arnold,AML Analyst,3432782654,Pending,2,Low,0,
SAR00195,2026-01-20,Global Trust Bank,"Diaz, Schroeder and Mccoy",Gabrielstad,Federal Reserve,(268)754-0239x2324,0,CUST00195,Brandy Gray,YKDF56703138046493,1959-03-16,Engineer,Corporate,Low,9,"20147 Roberts Inlet
South Robertberg, NM 92109",Singapore,2026-02-13,2026-02-14,2953632,135,0,1,21878.755555555555,569430,29,6.284264566145871,1,1,0,0,8.21,0,0,5.315773967749932,1,Fraud,Mule Network,RULE_045,Multiple suspicious transaction patterns detected.,High-value structured transactions across multiple accounts,1495533,1,358484,Joanna Norman,AML Analyst,607.514.7130x68024,Rejected,5,Medium,1,
SAR00196,2026-01-07,Global Trust Bank,Collier Ltd,West Jennifer,Federal Reserve,866-715-3228x722,1,CUST00196,Joshua Weaver,AQWV92475371055163,1924-01-26,Trader,Corporate,High,12,"USNV Webb
FPO AP 48796",UK,2026-02-05,2026-01-25,4760997,61,0,0,78049.13114754099,3455087,18,9.017740285462287,0,0,0,0,8.77,3,0,5.455851826691478,1,Account Takeover,Mule Network,RULE_001,Multiple suspicious transaction patterns detected.,High-value structured transactions across multiple accounts,3756542,0,733243,Chase Lopez,AML Analyst,001-698-394-2658,Pending,2,Low,0,
SAR00197,2026-02-05,Secure National Bank,Simmons-Thompson,Sheltonmouth,NCUA,(711)903-1350,0,CUST00197,Alan Myers,HUMO63862384543939,1914-02-16,Business Owner,Corporate,Medium,12,"2691 Christopher Plains Suite 081
Lake Samuelhaven, WV 17826",USA,2026-02-15,2026-02-11,4642203,196,0,0,23684.70918367347,2004482,42,3.2116215263595347,0,0,0,0,3.73,2,0,7.227377522388046,0,Fraud,Layering,RULE_045,Multiple suspicious transaction patterns detected.,High-value structured transactions across multiple accounts,2757643,1,11647,Michelle Williams,AML Analyst,(461)880-7364x96982,Pending,2,Low,0,
SAR00198,2026-02-07,Secure National Bank,Martin Inc,Lake Michael,NCUA,+1-439-827-5224x4848,0,CUST00198,Bonnie Joseph,PHPS12986688418969,1973-08-16,Business Owner,Individual,High,3,"543 Miller Field
Lake Jenniferfort, GA 30495",UAE,2026-01-03,2026-01-18,2275463,53,0,0,42933.264150943396,839440,28,6.31988680396189,0,1,0,0,5.21,1,0,6.204737850519706,0,Fraud,Layering,RULE_045,Multiple suspicious transaction patterns detected.,High-value structured transactions across multiple accounts,1468474,0,133097,Daniel Romero,AML Analyst,(606)718-3857,Approved,3,Medium,1,
SAR00199,2026-01-09,Unity Financial Services,Wright-Bartlett,Lake Deantown,Federal Reserve,(775)582-5009,0,CUST00199,Lauren Smith,ESGQ81950772058694,1972-06-20,Trader,Corporate,Low,10,"604 Crystal Wall
Lake Kevin, KS 85348",Singapore,2026-01-08,2026-01-29,2048321,149,0,1,13747.120805369128,1802519,23,6.054117575075873,0,0,0,0,8.53,4,0,4.149712154000782,1,Terror Financing,Rapid Movement,RULE_089,Multiple suspicious transaction patterns detected.,High-value structured transactions across multiple accounts,1285662,0,361634,Dave Williams,AML Analyst,396.400.1254,Pending,2,Low,0,
SAR00200,2026-01-06,Unity Financial Services,Nelson Group,South Samuel,FDIC,(413)898-8527,1,CUST00200,Joanna Rodriguez,NNGZ87550964941386,1984-01-28,Student,Individual,High,3,"57898 Taylor Burgs Apt. 140
East Jessica, CT 93807",UAE,2026-01-27,2026-01-25,700532,191,0,1,3667.7068062827225,203237,30,9.07838513883534,1,1,0,0,6.6,0,0,9.390684794502915,1,Terror Financing,Layering,RULE_089,Multiple suspicious transaction patterns detected.,High-value structured transactions across multiple accounts,407586,0,56640,Jeffrey Cortez,AML Analyst,(275)982-6141x214,Rejected,3,Medium,1,
SAR00201,2026-01-11,Global Trust Bank,Moreno-Cooley,Wrightfurt,Federal Reserve,205.699.0255x54367,0,CUST00201,Jonathon Fernandez,KBRU98479261795597,1963-12-11,Business Owner,Individual,High,1,"4784 Allen Forge Apt. 952
Gardnerland, OK 31135",USA,2026-02-10,2026-01-29,4788725,17,1,1,281689.70588235295,1775394,36,8.23767395799123,0,1,1,1,7.74,3,0,4.63990131464425,1,Fraud,Layering,RULE_120,Multiple suspicious transaction patterns detected.,High-value structured transactions across multiple accounts,1716291,0,1276383,Diane Leach,AML Analyst,001-931-216-8953x56621,Rejected,8,High,1,
SAR00202,2026-01-21,Unity Financial Services,Simmons PLC,Bradleyview,Federal Reserve,(335)876-5677,1,CUST00202,Mark Mathews,HNAO69351704447564,1985-07-17,Consultant,Corporate,High,2,"09847 Kathryn Falls
Stephaniechester, IN 98735",Singapore,2026-01-15,2026-01-13,4873923,124,1,1,39305.83064516129,3005109,48,3.230273457540939,0,0,0,0,3.25,4,0,8.448713477552289,0,Account Takeover,Layering,RULE_120,Multiple suspicious transaction patterns detected.,High-value structured transactions across multiple accounts,1702974,0,98340,Brett Leon,AML Analyst,+1-778-640-2747x312,Approved,3,Medium,1,
SAR00203,2026-01-01,Secure National Bank,Adams Ltd,Daviston,Federal Reserve,+1-218-948-0899x84018,1,CUST00203,Bethany Myers,NBAS05006119965124,1933-10-16,Doctor,Individual,Low,11,"91555 Alicia Isle Suite 374
Dianaview, CA 42494",UK,2026-01-25,2026-01-18,3637403,144,0,0,25259.743055555555,2012338,31,8.013479918738085,1,1,0,0,9.61,2,0,0.13698550408914545,1,Account Takeover,Mule Network,RULE_120,Multiple suspicious transaction patterns detected.,High-value structured transactions across multiple accounts,902560,0,17178,Mr. Benjamin Burgess,AML Analyst,8029400679,Pending,5,Medium,1,
SAR00204,2026-02-03,Secure National Bank,Perkins Inc,South Melissaport,NCUA,218.864.7327x2460,1,CUST00204,Eric Holt,CYMG75152010830928,1942-06-01,Engineer,Corporate,High,11,"356 Jeffrey Pass Apt. 911
Port Sara, NV 44484",Singapore,2026-01-04,2026-01-31,2529055,118,0,0,21432.669491525423,450872,32,3.0895599006815266,0,1,1,0,3.91,3,1,6.7612539758829024,0,Fraud,Mule Network,RULE_045,Multiple suspicious transaction patterns detected.,High-value structured transactions across multiple accounts,715877,0,432077,Amanda Griffith,AML Analyst,001-700-929-8693x7465,Approved,5,Medium,1,
SAR00205,2026-02-08,Unity Financial Services,Carrillo Ltd,Pamelatown,NCUA,(688)643-6517,0,CUST00205,Tiffany Anderson,NYTA16501492628229,1949-05-17,Business Owner,Corporate,Low,6,"1127 Sullivan Forge Apt. 616
North Alexisfurt, KY 33234",UK,2026-02-01,2026-01-02,955922,114,0,1,8385.280701754386,640873,28,5.276774662216949,0,0,0,0,9.81,3,1,5.931582190394682,1,Money Laundering,Smurfing,RULE_120,Multiple suspicious transaction patterns detected.,High-value structured transactions across multiple accounts,221782,0,193512,Heather Blair,AML Analyst,(629)539-5089,Pending,0,Low,0,
SAR00206,2026-02-11,Global Trust Bank,Brown-Webster,Maloneshire,Federal Reserve,378-573-8081x007,0,CUST00206,Denise Lynch,VOKC98233812734495,1935-11-04,Business Owner,Corporate,Medium,1,"80476 Kathleen Plains Apt. 548
Davidhaven, MS 64997",USA,2026-01-17,2026-02-10,330329,124,0,0,2663.9435483870966,183646,11,1.67357032236781,0,0,0,0,6.97,0,0,6.3594032682671084,1,Account Takeover,Layering,RULE_045,Multiple suspicious transaction patterns detected.,High-value structured transactions across multiple accounts,184845,0,69878,April Martinez,AML Analyst,941-653-8887x9446,Approved,0,Low,0,
SAR00207,2026-02-14,Unity Financial Services,Morris-Hancock,Lisaburgh,NCUA,913-598-4623x879,0,CUST00207,Ian Blackburn,VTTX11276017691471,2019-11-25,Trader,Individual,Low,8,"6732 Stephanie Meadows Apt. 883
East Gabrielton, MN 30695",UK,2026-01-14,2026-01-21,254265,152,0,0,1672.796052631579,140601,48,0.2496622212005717,0,0,0,0,4.55,3,1,9.535350978515089,0,Account Takeover,Mule Network,RULE_089,Multiple suspicious transaction patterns detected.,High-value structured transactions across multiple accounts,185351,0,63601,Michael Guzman,AML Analyst,(556)720-5506,Approved,0,Low,0,
SAR00208,2026-01-06,Global Trust Bank,Campbell Group,Michaelside,Federal Reserve,001-623-463-0703,1,CUST00208,Amber Goodman,WZTL01439514000009,1963-12-04,Consultant,Corporate,Low,4,"2396 Joshua Mission Apt. 730
Port Lisa, NC 59446",UAE,2026-02-12,2026-01-20,1863997,30,0,0,62133.23333333333,1423826,8,0.9490844126734621,0,0,0,0,0.67,1,0,2.462860188105316,0,Fraud,Structuring,RULE_001,Multiple suspicious transaction patterns detected.,High-value structured transactions across multiple accounts,1145254,0,280480,Charles Bond,AML Analyst,(732)580-5490x08978,Approved,2,Low,0,
SAR00209,2026-01-19,Secure National Bank,Park-Ellis,Strongton,NCUA,001-881-346-7920x60310,1,CUST00209,Michael Hamilton,WUXE47717872865237,2017-05-27,Doctor,Corporate,Medium,8,"7992 Hogan Villages Suite 480
Melissastad, AK 57585",USA,2026-02-15,2026-01-10,1899554,185,0,0,10267.85945945946,1159262,24,8.845832929211877,0,0,0,0,2.16,0,0,9.40773299689501,0,Money Laundering,Structuring,RULE_120,Multiple suspicious transaction patterns detected.,High-value structured transactions across multiple accounts,1264242,0,198032,Kevin Brewer,AML Analyst,001-699-350-8064x8187,Pending,2,Low,0,
SAR00210,2026-02-08,Secure National Bank,"Jackson, Ruiz and Davis",South Michelleside,NCUA,815.355.3526x40566,0,CUST00210,Mary Gibson,DGLY09141242118698,1979-07-04,Trader,Corporate,Medium,2,"22638 Lopez Pines
West Nicole, IA 29158",India,2026-02-03,2026-01-02,2443064,21,0,0,116336.38095238095,40903,42,9.379652314338943,0,0,0,0,0.71,3,0,2.685621674536426,0,Account Takeover,Structuring,RULE_045,Multiple suspicious transaction patterns detected.,High-value structured transactions across multiple accounts,636630,0,107941,Natasha Morton,AML Analyst,9374156971,Approved,2,Low,0,
SAR00211,2026-01-27,Unity Financial Services,Jenkins PLC,Sheilaburgh,FDIC,601.700.3760x783,0,CUST00211,Stephanie Gallegos,TIYF50576707317612,1944-09-24,Business Owner,Corporate,High,7,"64615 Colon Fields Suite 366
New Brent, NC 98438",UK,2026-01-04,2026-02-11,31616,44,0,0,718.5454545454545,30159,40,0.08706147062543579,0,0,0,0,6.31,4,0,3.6559570100396677,1,Fraud,Rapid Movement,RULE_001,Multiple suspicious transaction patterns detected.,High-value structured transactions across multiple accounts,13032,0,9251,Michelle Tran,AML Analyst,+1-252-934-1413x5011,Pending,0,Low,0,
SAR00212,2026-01-06,Global Trust Bank,Collins LLC,Hensonton,FDIC,(643)505-8301x0027,0,CUST00212,Stephanie Bennett,IGXX06668868620954,1993-10-05,Trader,Corporate,High,3,"27998 Patterson Coves
North Anitabury, LA 21628",Singapore,2026-01-15,2026-01-20,1884262,86,0,1,21910.023255813954,1551175,38,8.6465892185814,0,1,0,0,1.37,1,0,0.03140906048122116,0,Terror Financing,Layering,RULE_120,Multiple suspicious transaction patterns detected.,High-value structured transactions across multiple accounts,573844,1,249709,Mrs. Ashley Baird,AML Analyst,757.242.1052,Rejected,3,Medium,1,
SAR00213,2026-02-02,Global Trust Bank,Heath Inc,Jenniferbury,Federal Reserve,340.552.2773x3945,0,CUST00213,Amber Smith,FNWB16129518573252,1993-08-24,Business Owner,Individual,High,7,"5131 King Branch Suite 188
Port Jasonhaven, CA 52677",Singapore,2026-02-05,2026-01-18,501440,187,1,0,2681.4973262032086,408561,34,4.58431424131438,0,0,0,0,6.67,0,1,8.401080784391999,1,Account Takeover,Rapid Movement,RULE_120,Multiple suspicious transaction patterns detected.,High-value structured transactions across multiple accounts,397978,1,55880,Michele Rodriguez,AML Analyst,+1-466-637-0518x04527,Pending,1,Low,0,
SAR00214,2026-01-26,Unity Financial Services,Newton Inc,East Tanner,NCUA,239.967.5225x2576,1,CUST00214,Beth Potts,RTWB05147656913838,1989-04-12,Engineer,Corporate,High,6,"701 Carolyn Mountains
Jefffurt, AK 12328",Singapore,2026-02-01,2026-01-06,4777945,81,0,0,58986.97530864197,1643846,12,4.831808633136685,1,1,0,1,7.62,4,1,5.6772731793105455,1,Terror Financing,Mule Network,RULE_089,Multiple suspicious transaction patterns detected.,High-value structured transactions across multiple accounts,2616348,0,924167,James Flynn,AML Analyst,8457309082,Rejected,7,High,1,
SAR00215,2026-02-08,Secure National Bank,Beasley-Johnson,Stephanieville,NCUA,+1-639-987-9233x64241,0,CUST00215,Robert Scott,RURS70811507919952,1982-10-08,Student,Corporate,High,14,"PSC 6477, Box 4436
APO AE 00595",USA,2026-01-14,2026-01-10,2934735,29,0,0,101197.75862068965,1687252,32,2.79415884176072,0,1,1,0,9.03,4,0,1.430011226657264,1,Fraud,Mule Network,RULE_001,Multiple suspicious transaction patterns detected.,High-value structured transactions across multiple accounts,1246466,1,323458,Kimberly Lopez,AML Analyst,(541)970-7671,Approved,5,Medium,1,
SAR00216,2026-01-19,Secure National Bank,"Moore, Malone and Woods",Weaverberg,NCUA,(764)282-2792,1,CUST00216,Kristin Lyons,FLGQ55729210968509,1999-06-21,Business Owner,Corporate,High,13,"813 Brian Lodge
South Rebecca, DE 30896",Singapore,2026-02-05,2026-02-05,624696,63,0,0,9915.809523809523,125062,5,1.7512314013035324,1,1,0,0,0.01,1,0,2.32055739701156,0,Money Laundering,Rapid Movement,RULE_120,Multiple suspicious transaction patterns detected.,High-value structured transactions across multiple accounts,224404,0,37389,Gregory Thornton,AML Analyst,283-523-6918x60552,Approved,3,Medium,1,
SAR00217,2026-01-03,Unity Financial Services,Johnson Group,South Shannonstad,NCUA,(693)981-7287x731,1,CUST00217,April Garcia,VIHZ22647362638615,1914-07-27,Student,Individual,High,13,"0279 Kelley Club Suite 519
South Jonathonburgh, NC 24666",India,2026-01-17,2026-02-15,3254479,113,1,0,28800.699115044248,1421470,46,6.099415585960517,1,0,1,1,6.15,1,0,7.694488940820471,1,Account Takeover,Layering,RULE_120,Multiple suspicious transaction patterns detected.,High-value structured transactions across multiple accounts,1427803,1,166670,Judy Williams,AML Analyst,+1-550-631-7866x174,Pending,9,High,1,
SAR00218,2026-02-12,Unity Financial Services,"Koch, Rubio and Wright",Lake Charleneside,Federal Reserve,873.440.8030,0,CUST00218,Jacqueline Henry,JQAT33972819325951,1956-02-19,Business Owner,Individual,Low,3,"9605 Andrew Island Apt. 503
Lake Leahmouth, IA 35224",India,2026-01-02,2026-01-12,2284023,59,0,0,38712.254237288136,503512,40,2.2674118440694455,1,0,1,1,8.53,0,0,7.537340704280045,1,Account Takeover,Smurfing,RULE_120,Multiple suspicious transaction patterns detected.,High-value structured transactions across multiple accounts,752129,0,319088,Sarah Simmons MD,AML Analyst,(803)489-9653x799,Pending,8,High,1,
SAR00219,2026-01-10,Secure National Bank,Knight PLC,North Michael,NCUA,925-434-9118,0,CUST00219,Michelle Taylor,HRXG88273068959022,1912-10-13,Engineer,Corporate,High,1,"822 Garcia Locks Suite 634
Amyfort, ME 83235",USA,2026-01-16,2026-01-13,3884928,189,0,0,20555.174603174604,2850575,8,9.223674846701028,0,0,0,0,2.0,2,0,2.1078144935468823,0,Account Takeover,Structuring,RULE_045,Multiple suspicious transaction patterns detected.,High-value structured transactions across multiple accounts,2074060,1,973251,Amy Watts,AML Analyst,258-872-4034,Rejected,2,Low,0,
SAR00220,2026-01-27,Global Trust Bank,Rivera-Anderson,South Cassandra,NCUA,+1-518-649-3973x63188,0,CUST00220,Richard Bradley,GAPK96262170511506,1997-05-30,Trader,Corporate,High,2,"1075 Smith Hollow Suite 878
Ricefurt, KY 76188",UK,2026-01-21,2026-01-04,2802909,182,0,1,15400.598901098901,2585388,45,8.26858560972753,0,0,0,0,2.34,2,0,6.678679067008134,0,Fraud,Layering,RULE_120,Multiple suspicious transaction patterns detected.,High-value structured transactions across multiple accounts,2129995,0,514163,Joseph Salinas,AML Analyst,9725297055,Rejected,2,Low,0,
SAR00221,2026-01-11,Secure National Bank,Burns-Reyes,Owensville,NCUA,664.606.3260,0,CUST00221,Candice Pace,SNSB16481230351171,1942-12-03,Trader,Corporate,High,10,"Unit 7437 Box 4164
DPO AA 93272",UK,2026-01-20,2026-01-05,4916077,32,1,0,153627.40625,1950537,38,9.471614629002477,0,0,0,0,2.77,2,0,7.160499732421445,0,Terror Financing,Layering,RULE_089,Multiple suspicious transaction patterns detected.,High-value structured transactions across multiple accounts,3066391,0,1460235,Keith Vega,AML Analyst,001-866-743-4828x915,Rejected,3,Medium,1,
SAR00222,2026-01-07,Secure National Bank,Rivera LLC,Torresborough,Federal Reserve,(287)692-4015,0,CUST00222,Maureen Allen,WCGC00220736436171,2008-12-19,Trader,Corporate,High,13,"4126 Heather Camp
West Michelleside, AR 83238",UAE,2026-01-11,2026-01-28,555242,108,1,0,5141.12962962963,272136,42,3.433867021776442,1,1,1,0,0.92,3,0,4.467145272585204,0,Account Takeover,Smurfing,RULE_120,Multiple suspicious transaction patterns detected.,High-value structured transactions across multiple accounts,278126,0,78449,Alvin Dominguez,AML Analyst,001-940-654-8633x0531,Approved,6,High,1,
SAR00223,2026-02-10,Unity Financial Services,Roberts-Owens,Calderonville,NCUA,001-995-841-4809x8448,0,CUST00223,Mr. Matthew Campbell,HUVF05177282620226,1943-01-28,Trader,Corporate,Low,2,"947 Wood Inlet
Port Scott, NH 92809",USA,2026-02-04,2026-01-11,4437787,196,1,0,22641.770408163266,275146,24,8.174078473061094,0,0,0,0,0.07,3,1,8.561324990137434,0,Account Takeover,Mule Network,RULE_089,Multiple suspicious transaction patterns detected.,High-value structured transactions across multiple accounts,1837515,1,392840,Heather Mckee,AML Analyst,(326)505-6136x311,Pending,3,Medium,1,
SAR00224,2026-02-07,Secure National Bank,"Mcdonald, Murphy and Daniel",New Christopher,Federal Reserve,668.614.6485,1,CUST00224,Michael Murphy,FKEP50698957152358,2011-04-27,Trader,Individual,Medium,9,"115 Chaney Wall Suite 809
Caldwellside, MA 27406",UK,2026-02-07,2026-01-04,644104,93,0,0,6925.8494623655915,271909,3,3.4210762086359403,1,1,1,0,4.93,1,0,1.6440552907887873,0,Fraud,Mule Network,RULE_045,Multiple suspicious transaction patterns detected.,High-value structured transactions across multiple accounts,173875,0,174374,Daniel Burns,AML Analyst,(949)842-4330,Pending,5,Medium,1,
SAR00225,2026-01-16,Unity Financial Services,Barrett-Price,East Deniseport,FDIC,7719955090,0,CUST00225,Sandra Hunter,HEJN53791591032831,1985-02-10,Student,Corporate,Low,5,"34613 Nathan Lodge Suite 394
Sarahton, SD 28749",India,2026-01-23,2026-01-14,2488502,95,1,0,26194.757894736842,1656348,28,8.730193940297161,1,1,1,0,2.54,4,0,1.1870909550911146,0,Terror Financing,Layering,RULE_001,Multiple suspicious transaction patterns detected.,High-value structured transactions across multiple accounts,1961787,0,50193,Angela Cole,AML Analyst,(263)515-8316x246,Rejected,8,High,1,
SAR00226,2026-01-23,Unity Financial Services,"Stafford, Parker and Holder",Dodsonside,Federal Reserve,+1-655-996-0886x193,0,CUST00226,Phillip Conner,EOND98839131883479,1984-08-28,Doctor,Individual,Low,14,"050 Davis Common
South Sarah, NV 29847",India,2026-01-26,2026-01-21,2519368,108,0,1,23327.48148148148,936515,30,8.634657303414633,0,0,0,0,7.89,4,0,2.5967083895041396,1,Account Takeover,Smurfing,RULE_120,Multiple suspicious transaction patterns detected.,High-value structured transactions across multiple accounts,1969728,0,262658,David Hughes,AML Analyst,6466217477,Pending,2,Low,0,
SAR00227,2026-01-07,Unity Financial Services,Burns PLC,Leestad,Federal Reserve,957-424-5678,0,CUST00227,Kristi Warren,UKTT33558789277130,1914-05-15,Business Owner,Individual,Medium,1,"877 Boyd Mills Suite 196
Carolinebury, IA 65416",UK,2026-01-18,2026-01-03,137659,93,1,1,1480.2043010752689,120584,22,2.265216260361057,1,1,0,1,4.77,4,0,3.28179482797612,0,Account Takeover,Layering,RULE_089,Multiple suspicious transaction patterns detected.,High-value structured transactions across multiple accounts,44799,0,19273,Taylor Mercer,AML Analyst,(685)339-2081x48741,Approved,6,High,1,
SAR00228,2026-01-22,Secure National Bank,Chase-Price,Port April,NCUA,638-251-3543x140,0,CUST00228,Michelle Horne,CHXE73384940790650,1991-10-18,Business Owner,Individual,High,12,"7495 Clark Pass
Johnsonberg, AS 38561",USA,2026-01-30,2026-02-08,4578957,167,1,1,27418.904191616766,2305269,14,3.809912736683999,0,0,0,0,3.85,0,0,1.186437657415803,0,Terror Financing,Rapid Movement,RULE_001,Multiple suspicious transaction patterns detected.,High-value structured transactions across multiple accounts,3481150,0,730213,Stephen Davenport,AML Analyst,320-763-2804x14832,Pending,3,Medium,1,
SAR00229,2026-01-14,Secure National Bank,Walker-Williams,Port Kristen,Federal Reserve,451-826-6009x7593,0,CUST00229,Heather Baker,BSHX19390329179077,1958-06-26,Business Owner,Corporate,Medium,4,"4348 David Orchard Apt. 055
West Christinefort, VI 70622",UAE,2026-01-25,2026-02-07,4243340,24,0,1,176805.83333333334,690503,18,3.3210978330812457,1,0,1,0,0.44,2,0,6.813530132413488,0,Fraud,Structuring,RULE_001,Multiple suspicious transaction patterns detected.,High-value structured transactions across multiple accounts,3242378,0,406917,Steven Douglas,AML Analyst,+1-867-998-5967,Approved,6,High,1,
SAR00230,2026-01-26,Unity Financial Services,"Clarke, Washington and Wells",West Robertshire,NCUA,826.296.2707x2743,0,CUST00230,Stacey Perez,KEJQ03318968345703,2018-07-01,Business Owner,Corporate,Medium,4,"214 Christina Club Apt. 323
West Jasonbury, MT 27045",UK,2026-01-15,2026-02-05,3539150,111,1,0,31884.234234234234,1497017,1,4.441152464963323,0,0,0,0,5.38,4,0,5.563280072570793,0,Account Takeover,Layering,RULE_120,Multiple suspicious transaction patterns detected.,High-value structured transactions across multiple accounts,769740,1,165933,Aaron Perez,AML Analyst,(659)361-7798x14163,Approved,3,Medium,1,
SAR00231,2026-02-10,Global Trust Bank,Young and Sons,Lake Jessica,Federal Reserve,(584)733-6101x0352,0,CUST00231,Jeffrey Herrera,HGNI80242099077356,1987-09-21,Trader,Individual,High,14,"0477 Brian Ports
South Chadburgh, DC 03132",UK,2026-01-12,2026-02-11,3003111,198,1,1,15167.227272727272,1722534,3,2.3138063637684803,1,0,1,1,9.16,1,0,7.523978823037879,1,Fraud,Layering,RULE_001,Multiple suspicious transaction patterns detected.,High-value structured transactions across multiple accounts,1557943,0,386011,Jonathan Curtis DDS,AML Analyst,665-673-2321,Rejected,9,High,1,
SAR00232,2026-02-08,Secure National Bank,Greene and Sons,South Paul,FDIC,2847044871,0,CUST00232,Ann Evans,PPUR45127094695095,1914-10-28,Student,Individual,Low,9,"8114 Amanda Throughway
West Colleenhaven, IL 96522",USA,2026-01-06,2026-01-07,1090610,130,0,0,8389.307692307691,1064165,6,9.43174822961285,0,0,0,0,7.68,1,0,3.0846828148948404,1,Account Takeover,Mule Network,RULE_089,Multiple suspicious transaction patterns detected.,High-value structured transactions across multiple accounts,593101,0,12848,Christopher Johnson,AML Analyst,935.387.3484x77623,Pending,2,Low,0,
SAR00233,2026-01-23,Secure National Bank,Matthews LLC,Port Lanceside,NCUA,(951)475-5586x90836,1,CUST00233,Dawn Rojas,EUBN84427310359392,2009-08-02,Business Owner,Individual,Low,9,"2460 Floyd Valleys Suite 289
Maryton, CA 16277",UK,2026-01-07,2026-01-12,2236946,47,0,0,47594.59574468085,1748967,4,3.2434580769505574,0,1,0,1,3.82,2,0,6.035288065011209,0,Fraud,Layering,RULE_001,Multiple suspicious transaction patterns detected.,High-value structured transactions across multiple accounts,1332556,0,80790,Ryan Higgins,AML Analyst,(858)659-2849x9486,Approved,5,Medium,1,
SAR00234,2026-01-30,Secure National Bank,"Cooper, Miller and Cooper",Port Timothy,Federal Reserve,001-788-423-4287x152,1,CUST00234,Susan Finley,XOJD20575907806070,1967-03-29,Consultant,Corporate,Medium,14,"0043 Cannon Drive Apt. 907
Roseland, NE 62388",Singapore,2026-02-15,2026-02-05,1725444,179,0,0,9639.351955307262,380854,23,4.171934185645765,0,0,0,0,4.18,0,0,3.9310390755940103,0,Money Laundering,Smurfing,RULE_089,Multiple suspicious transaction patterns detected.,High-value structured transactions across multiple accounts,448869,0,342527,Carlos Gonzales,AML Analyst,+1-315-344-4180x55966,Rejected,2,Low,0,
SAR00235,2026-01-15,Global Trust Bank,Vazquez Group,Port Karen,Federal Reserve,679.325.1557x874,0,CUST00235,Craig Young,DEVQ80759346907969,2023-07-07,Doctor,Individual,Medium,6,"239 Tammy Shoals
South Shannon, OR 59428",Singapore,2026-01-10,2026-01-12,3912297,14,1,1,279449.78571428574,1784810,11,0.2370775364451838,0,0,0,0,1.35,1,1,2.136981415703284,0,Terror Financing,Mule Network,RULE_089,Multiple suspicious transaction patterns detected.,High-value structured transactions across multiple accounts,1768367,0,1006972,Kimberly Flores,AML Analyst,001-347-768-2872x1358,Rejected,3,Medium,1,
SAR00236,2026-01-11,Global Trust Bank,Nelson PLC,Marksside,NCUA,001-465-714-9795,0,CUST00236,Joanna Hughes,YMMA33111742383586,2023-06-18,Trader,Corporate,High,8,"71689 Tracy Locks
North Larrytown, VT 02700",UAE,2026-01-27,2026-01-16,1574720,112,0,0,14060.0,992626,47,2.4787335872842364,0,0,0,0,5.66,1,0,9.04243291407565,0,Terror Financing,Layering,RULE_120,Multiple suspicious transaction patterns detected.,High-value structured transactions across multiple accounts,668993,0,23891,Anthony Escobar,AML Analyst,490.981.3791x058,Pending,2,Low,0,
SAR00237,2026-01-26,Secure National Bank,Rice-Warren,Davidland,NCUA,+1-954-970-7892x648,1,CUST00237,Susan Cruz,ZLPL44945917778707,2017-11-18,Student,Corporate,Medium,5,"24321 Paul Harbor Apt. 981
Kevinview, VA 57215",USA,2026-01-15,2026-02-05,1432197,47,1,1,30472.27659574468,444358,17,2.260790710105627,0,0,0,0,0.95,3,0,0.8352491468001877,0,Account Takeover,Rapid Movement,RULE_045,Multiple suspicious transaction patterns detected.,High-value structured transactions across multiple accounts,467863,1,22038,Shannon Stevens,AML Analyst,001-420-958-1277x81412,Pending,3,Medium,1,
SAR00238,2026-02-07,Unity Financial Services,Cisneros PLC,Port Matthew,NCUA,374-235-3810,0,CUST00238,Briana Conrad,HGST21143613931631,1998-11-23,Business Owner,Corporate,High,4,"USNS Underwood
FPO AE 71181",Singapore,2026-02-06,2026-02-07,3014828,33,0,0,91358.42424242424,1795146,15,3.945723153189238,0,0,0,0,5.72,4,0,7.339053770018694,0,Money Laundering,Rapid Movement,RULE_001,Multiple suspicious transaction patterns detected.,High-value structured transactions across multiple accounts,1229854,0,113567,Marissa Smith,AML Analyst,299-626-8029,Pending,2,Low,0,
SAR00239,2026-01-01,Unity Financial Services,"Pitts, Hood and Campbell",New Cindyville,NCUA,+1-438-671-2050x501,1,CUST00239,David Martin,BETT01650796701052,1974-09-12,Engineer,Individual,Low,9,"8292 Anderson Mountains Suite 060
Kaitlinmouth, IA 02853",Singapore,2026-01-18,2026-01-07,3674021,49,0,0,74980.02040816327,2661018,23,8.02851208995546,0,1,1,0,1.11,3,0,5.455821217920665,0,Account Takeover,Structuring,RULE_045,Multiple suspicious transaction patterns detected.,High-value structured transactions across multiple accounts,967571,0,723472,Amanda Pacheco,AML Analyst,(343)860-2804,Rejected,5,Medium,1,
SAR00240,2026-01-16,Unity Financial Services,"Cobb, Fernandez and Mercer",Weissville,FDIC,8268633512,1,CUST00240,Lindsey Wyatt,HZZF43980555950277,1941-06-15,Business Owner,Corporate,Low,3,"249 Susan Courts
Leestad, TX 55408",UK,2026-01-09,2026-01-17,4783972,48,0,0,99666.08333333333,3116500,42,4.445282530501596,0,0,0,0,1.69,2,0,9.851745550906747,0,Terror Financing,Rapid Movement,RULE_120,Multiple suspicious transaction patterns detected.,High-value structured transactions across multiple accounts,3161264,0,640729,Jillian Frey,AML Analyst,481.580.0406,Approved,2,Low,0,
SAR00241,2026-01-05,Unity Financial Services,Jenkins LLC,Danielleburgh,Federal Reserve,869.468.0564,0,CUST00241,Stacy Gardner,NPAK11357741386606,2009-05-15,Student,Corporate,High,2,"18864 Parker Cliff Apt. 165
Hotown, MI 78432",Singapore,2026-01-31,2026-01-30,3058407,148,0,0,20664.912162162163,1422231,46,0.2353249441409877,0,0,0,0,1.29,4,0,2.5358411699636916,0,Money Laundering,Mule Network,RULE_089,Multiple suspicious transaction patterns detected.,High-value structured transactions across multiple accounts,1475895,0,178925,Danielle Hoover,AML Analyst,9089144164,Pending,2,Low,0,
SAR00242,2026-01-31,Unity Financial Services,Cook Ltd,Arroyoport,Federal Reserve,885.328.4733x901,0,CUST00242,Tammy Graham,TWCT61270027125512,1984-07-10,Student,Individual,Low,10,"Unit 5780 Box 2102
DPO AP 61915",UK,2026-01-22,2026-01-20,1928782,134,0,0,14393.89552238806,1804785,24,5.11638582519014,0,0,0,0,0.93,2,0,8.895766183304922,0,Fraud,Structuring,RULE_001,Multiple suspicious transaction patterns detected.,High-value structured transactions across multiple accounts,1478135,1,3127,Meredith Sanchez,AML Analyst,(613)315-3365x2671,Pending,2,Low,0,
SAR00243,2026-01-29,Secure National Bank,Gonzalez-Burke,South Ernestburgh,Federal Reserve,616-623-6041,1,CUST00243,Mary Davis,PPNW20898482533909,2000-05-25,Trader,Corporate,Low,11,"4224 Shawn Course
East Michael, OH 34666",UAE,2026-01-21,2026-02-14,4934107,170,0,0,29024.15882352941,3515043,25,0.18386142151597284,1,1,1,0,6.5,4,0,1.1344081710391674,1,Account Takeover,Smurfing,RULE_120,Multiple suspicious transaction patterns detected.,High-value structured transactions across multiple accounts,3938135,0,879467,Antonio Parker,AML Analyst,(852)655-0365x463,Approved,7,High,1,
SAR00244,2026-01-01,Secure National Bank,Chan PLC,Jacksonfurt,FDIC,434.637.7159x7266,1,CUST00244,Mary Rodriguez,OPAV20124480226257,2016-10-02,Business Owner,Individual,High,6,"9700 Rodgers Burgs Suite 341
Morrisberg, RI 55729",Singapore,2026-01-29,2026-01-02,2123219,94,0,0,22587.436170212764,50256,10,0.8159872000483837,0,0,0,0,6.31,0,0,2.959320294366161,1,Money Laundering,Layering,RULE_120,Multiple suspicious transaction patterns detected.,High-value structured transactions across multiple accounts,1270310,1,32113,Lori Vega,AML Analyst,(961)291-3513,Rejected,2,Low,0,
SAR00245,2026-02-06,Global Trust Bank,"Nichols, Williams and Young",Brookston,NCUA,438.375.2036x717,0,CUST00245,Zachary Irwin,WFGG75519936328687,2013-10-30,Engineer,Individual,Low,8,"183 Michelle Branch
Sarahstad, FL 68554",Singapore,2026-01-07,2026-02-09,3051555,88,0,0,34676.76136363636,1907716,39,5.002785352077604,0,0,0,0,6.01,1,1,8.51594319304219,1,Account Takeover,Rapid Movement,RULE_120,Multiple suspicious transaction patterns detected.,High-value structured transactions across multiple accounts,2425596,1,718430,Tyler Floyd,AML Analyst,+1-274-575-4608x196,Rejected,2,Low,0,
SAR00246,2026-02-11,Secure National Bank,Fisher-Hill,Kirkshire,Federal Reserve,001-838-321-0736x574,0,CUST00246,Dr. Jody Bryant,WWVV04759012174454,1944-06-06,Engineer,Corporate,Medium,3,"7932 Jennifer Lodge
Lake Tamarachester, WA 42712",UAE,2026-01-01,2026-01-15,58687,100,0,0,586.87,32564,36,6.1448577751163125,0,0,0,0,7.56,2,1,5.934613827047238,1,Fraud,Layering,RULE_001,Multiple suspicious transaction patterns detected.,High-value structured transactions across multiple accounts,12309,1,5696,Shawn Perry,AML Analyst,938.892.3188x71560,Pending,0,Low,0,
SAR00247,2026-01-03,Unity Financial Services,Martin-Garza,Jenniferfort,FDIC,+1-924-228-3248,1,CUST00247,Yolanda Harmon,KCEK85674400532563,1937-12-06,Student,Individual,Low,11,"915 Strong Points Apt. 245
Denisetown, ID 74088",UAE,2026-01-18,2026-01-12,1793220,50,1,1,35864.4,1288871,15,0.9441889766048095,0,0,0,0,6.5,4,1,2.987828710542516,1,Money Laundering,Structuring,RULE_001,Multiple suspicious transaction patterns detected.,High-value structured transactions across multiple accounts,1317514,0,173615,Patrick Washington,AML Analyst,(506)481-1157x96170,Approved,3,Medium,1,
SAR00248,2026-01-23,Unity Financial Services,Stewart-Collins,Aaronfort,NCUA,291-658-0010,1,CUST00248,Ms. Angela Hernandez,ABUX85262487358703,1992-08-21,Doctor,Individual,Low,5,"72448 Williams Dale Suite 199
South Natalie, MI 61286",India,2026-01-15,2026-01-27,1301573,36,0,0,36154.805555555555,333615,13,9.57631646272588,0,0,0,0,0.85,0,0,3.887263478765467,0,Account Takeover,Mule Network,RULE_045,Multiple suspicious transaction patterns detected.,High-value structured transactions across multiple accounts,447974,0,122966,Melinda Lowe,AML Analyst,001-548-786-9762,Rejected,2,Low,0,
SAR00249,2026-01-26,Global Trust Bank,King-Hart,Buckleyburgh,Federal Reserve,(212)308-4264,1,CUST00249,Faith Frye,BXGX11700909040813,2010-11-26,Engineer,Corporate,Low,13,"PSC 9904, Box 9294
APO AP 83170",USA,2026-02-11,2026-01-11,4796882,171,0,0,28051.941520467837,4334454,24,4.047250638296587,0,1,0,1,3.18,1,0,6.946537728101754,0,Fraud,Rapid Movement,RULE_089,Multiple suspicious transaction patterns detected.,High-value structured transactions across multiple accounts,2008945,1,959305,Peter Warren,AML Analyst,(265)833-6700x708,Pending,5,Medium,1,
SAR00250,2026-01-03,Secure National Bank,"Howard, Doyle and Gillespie",Robertsonside,Federal Reserve,(710)779-8680x5555,0,CUST00250,Catherine Garcia,XWFL97663826318499,1927-06-01,Doctor,Individual,Medium,8,"83752 Gordon Streets
South Heather, OK 93953",Singapore,2026-01-28,2026-02-01,1625179,113,0,0,14382.115044247788,237520,39,8.728594215656646,1,0,1,1,4.43,4,0,1.255497898984771,0,Fraud,Structuring,RULE_045,Multiple suspicious transaction patterns detected.,High-value structured transactions across multiple accounts,1264532,0,233290,Mr. Alexander Dalton Jr.,AML Analyst,3836461970,Rejected,8,High,1,
SAR00251,2026-01-20,Unity Financial Services,"Carter, Moss and Mosley",New Paul,FDIC,(910)644-7485,1,CUST00251,Jose Davis,LIWH51409377860075,1941-11-21,Student,Corporate,Low,6,"9609 Green Forges
East Amandachester, ME 38990",Singapore,2026-02-10,2026-02-04,1546019,141,1,0,10964.673758865249,411547,19,8.324171834102527,0,0,0,0,0.67,2,0,5.232130549708749,0,Account Takeover,Rapid Movement,RULE_089,Multiple suspicious transaction patterns detected.,High-value structured transactions across multiple accounts,561316,0,277631,Kevin Duncan,AML Analyst,921.364.9325x0496,Rejected,3,Medium,1,
SAR00252,2026-01-16,Secure National Bank,Taylor-Rodriguez,Kelleystad,FDIC,982.535.2527x1585,0,CUST00252,Brandon Smith,FOLI20414857967013,2022-04-19,Engineer,Corporate,Medium,3,"871 Schneider Squares Suite 583
Port Jennifer, OK 60772",UAE,2026-02-06,2026-01-06,2020074,76,0,0,26579.92105263158,530754,47,3.6482247020779868,0,0,0,0,1.9,1,0,9.113391900786308,0,Account Takeover,Layering,RULE_045,Multiple suspicious transaction patterns detected.,High-value structured transactions across multiple accounts,429387,0,34471,Christie Anderson,AML Analyst,001-355-610-6194x69980,Approved,2,Low,0,
SAR00253,2026-01-19,Unity Financial Services,Mitchell and Sons,Michaelberg,Federal Reserve,464-725-5693,0,CUST00253,Jennifer Thomas,QRQY30660133649609,1992-11-09,Consultant,Individual,High,12,"879 Walker Fort Suite 505
Robertston, AL 17493",UK,2026-01-18,2026-01-13,4023293,58,1,0,69367.12068965517,1282880,4,3.9593722619594987,0,0,0,0,4.12,0,0,5.79731166134192,0,Account Takeover,Rapid Movement,RULE_045,Multiple suspicious transaction patterns detected.,High-value structured transactions across multiple accounts,1638988,1,563335,Bryan Jones,AML Analyst,(974)938-6649x10105,Approved,3,Medium,1,
SAR00254,2026-02-04,Global Trust Bank,"Zimmerman, Jones and Goodwin",Wernershire,FDIC,(224)676-2368x63590,0,CUST00254,James Pitts,JBBN83795680545989,1984-07-29,Engineer,Corporate,High,4,"5061 Allen Lane
Kelliburgh, KY 21083",India,2026-01-14,2026-02-14,163477,82,0,1,1993.621951219512,41386,30,4.993029460143252,0,1,0,1,0.0,2,0,3.9694797293429285,0,Account Takeover,Smurfing,RULE_001,Multiple suspicious transaction patterns detected.,High-value structured transactions across multiple accounts,77362,0,35825,Pedro Jones,AML Analyst,430.323.3603,Rejected,3,Medium,1,
SAR00255,2026-02-04,Unity Financial Services,"Greer, Williams and Spears",East Richardhaven,Federal Reserve,(830)749-9135,0,CUST00255,John Salinas,GRPT80425423802898,1949-10-10,Business Owner,Corporate,Medium,1,"51469 Malone Mountain
Jessicaburgh, CA 27911",USA,2026-02-11,2026-01-28,1609592,173,0,0,9304.0,1475793,10,2.6247058512126453,1,0,0,1,0.38,3,0,0.41964073443634287,0,Money Laundering,Structuring,RULE_045,Multiple suspicious transaction patterns detected.,High-value structured transactions across multiple accounts,673110,0,56244,Madeline Davis,AML Analyst,550-701-7559,Rejected,6,High,1,
SAR00256,2026-02-01,Unity Financial Services,"Smith, Garcia and Callahan",Port Carol,NCUA,422-370-8428x7441,0,CUST00256,Ashley Gomez,OKYS55415494120448,1987-02-12,Student,Individual,Medium,7,"61698 Wilkins Mountain Apt. 280
Lake Brianville, PA 37842",UAE,2026-01-25,2026-01-25,2350251,182,0,0,12913.467032967033,772610,43,5.6585056031324665,1,0,0,0,5.96,0,0,5.02490876826932,0,Fraud,Smurfing,RULE_001,Multiple suspicious transaction patterns detected.,High-value structured transactions across multiple accounts,753167,0,558003,Joshua Johnson,AML Analyst,+1-219-497-0326,Pending,4,Medium,1,
SAR00257,2026-01-08,Global Trust Bank,Richards-Jacobs,Davisberg,NCUA,592-640-1558x0753,0,CUST00257,Timothy Ellis,INVB15250048238151,1929-03-04,Business Owner,Corporate,Low,5,"48936 Clark Squares
Shelbymouth, NM 60796",USA,2026-02-04,2026-01-31,1804971,22,0,1,82044.13636363637,1429473,7,6.784911686505812,0,0,0,0,3.26,3,0,4.226560337889583,0,Terror Financing,Mule Network,RULE_045,Multiple suspicious transaction patterns detected.,High-value structured transactions across multiple accounts,1439252,0,484670,Debra Campos,AML Analyst,3848143454,Rejected,2,Low,0,
SAR00258,2026-01-25,Secure National Bank,"Fuller, Perez and Robinson",Bennetthaven,FDIC,+1-394-561-5086x4983,0,CUST00258,Scott Peterson,ARLO04588072676482,1916-04-11,Consultant,Corporate,High,11,"6656 Mitchell Drives Suite 212
Lake Jackmouth, MT 52841",Singapore,2026-01-14,2026-01-28,3307923,122,0,0,27114.122950819674,3200741,27,3.4184728549809207,1,1,0,0,0.24,3,0,4.593314408005428,0,Fraud,Smurfing,RULE_089,Multiple suspicious transaction patterns detected.,High-value structured transactions across multiple accounts,2154374,1,829004,Gavin Cherry,AML Analyst,+1-693-242-2166x761,Rejected,5,Medium,1,
SAR00259,2026-02-08,Secure National Bank,Miller-Hansen,Jerryport,FDIC,589.423.2118x2846,0,CUST00259,Nichole Wright,JISD56196514659215,1929-11-02,Business Owner,Corporate,Medium,1,"10003 Stout Stravenue
East Dominicberg, MI 23108",UAE,2026-01-06,2026-01-26,730571,127,1,0,5752.527559055118,476761,4,3.5310288893838946,1,1,1,1,4.14,3,0,5.716076494829439,0,Fraud,Smurfing,RULE_120,Multiple suspicious transaction patterns detected.,High-value structured transactions across multiple accounts,227136,0,132458,Lori Hubbard,AML Analyst,717.870.8039x19412,Pending,8,High,1,
SAR00260,2026-02-04,Unity Financial Services,Goodwin LLC,Port Matthew,Federal Reserve,556-342-5837,0,CUST00260,Joyce Gray,WECS38388240402464,1934-09-17,Doctor,Individual,Low,6,"52368 Troy Divide Suite 031
Debrabury, PR 97032",Singapore,2026-01-25,2026-02-08,907473,43,0,0,21104.023255813954,128769,15,6.25329959704233,0,0,0,0,7.42,4,0,5.117074471147008,1,Account Takeover,Smurfing,RULE_045,Multiple suspicious transaction patterns detected.,High-value structured transactions across multiple accounts,444640,0,228450,Jennifer Parker,AML Analyst,274.995.6400,Pending,0,Low,0,
SAR00261,2026-01-10,Secure National Bank,Collins-Maddox,Rodriguezfort,Federal Reserve,001-820-858-3724x281,0,CUST00261,Herbert Powell,KEPS75733456444174,1980-02-05,Consultant,Individual,Medium,11,"4806 Henry Walks
Janiceshire, GU 95854",USA,2026-01-15,2026-01-07,1803594,49,1,1,36808.04081632653,296975,23,5.204494041652859,1,0,0,0,8.22,0,0,5.892146143478555,1,Fraud,Smurfing,RULE_120,Multiple suspicious transaction patterns detected.,High-value structured transactions across multiple accounts,852319,0,506951,Cassandra Walker,AML Analyst,+1-271-506-3220,Rejected,5,Medium,1,
SAR00262,2026-01-11,Unity Financial Services,Wiggins LLC,East Dianaburgh,NCUA,291.244.8571x4031,0,CUST00262,Joshua Fowler,SWUI74165511692020,2005-03-24,Consultant,Corporate,Low,14,"95552 Armstrong Lights
Lake Meghan, IL 71131",Singapore,2026-01-31,2026-02-01,1022497,116,0,0,8814.629310344828,598741,41,1.6607485233351371,0,0,0,0,7.29,0,0,2.859005337712024,1,Terror Financing,Layering,RULE_120,Multiple suspicious transaction patterns detected.,High-value structured transactions across multiple accounts,617009,0,16998,Gina Ramirez,AML Analyst,637-496-9426x15331,Pending,2,Low,0,
SAR00263,2026-01-23,Unity Financial Services,Ward-Jenkins,Finleystad,NCUA,720-345-8563x6313,0,CUST00263,Kimberly Hernandez,UHWQ24257363217734,1924-11-11,Business Owner,Individual,Low,6,"9741 Martin Knoll
Ramosmouth, PR 48752",India,2026-02-08,2026-02-04,1493543,115,1,0,12987.330434782609,453648,40,6.529729219079393,1,0,0,1,9.63,4,0,6.175291150623115,1,Money Laundering,Mule Network,RULE_045,Multiple suspicious transaction patterns detected.,High-value structured transactions across multiple accounts,484908,0,50346,Benjamin Randall,AML Analyst,782-344-0216,Rejected,7,High,1,
SAR00264,2026-01-10,Global Trust Bank,Arnold Group,Yvonneberg,Federal Reserve,885-884-9502x761,1,CUST00264,Bonnie Harrison,ECCC81382234905520,2023-10-29,Doctor,Individual,Low,12,"3566 Lynch Park Suite 003
Chrisland, KS 60504",UAE,2026-01-04,2026-01-19,1648083,118,0,0,13966.805084745763,1310710,11,8.437550439872936,1,1,1,1,7.4,2,0,7.315621195611339,1,Account Takeover,Smurfing,RULE_001,Multiple suspicious transaction patterns detected.,High-value structured transactions across multiple accounts,697587,0,33607,Jennifer Gonzalez,AML Analyst,+1-453-975-2593x8387,Rejected,9,High,1,
SAR00265,2026-01-10,Unity Financial Services,"Obrien, Mendoza and Harris",East Paul,NCUA,+1-252-545-8035x994,0,CUST00265,Stephanie Bailey,CLXQ88080615722289,1930-12-19,Student,Corporate,High,7,"197 Joseph Manors Suite 720
North Rachelbury, MD 86919",UK,2026-01-13,2026-02-06,716716,158,0,0,4536.177215189873,10730,34,6.522751108990502,1,1,1,1,7.69,4,0,5.717893159359805,1,Money Laundering,Structuring,RULE_120,Multiple suspicious transaction patterns detected.,High-value structured transactions across multiple accounts,329998,0,87959,Kelly Smith,AML Analyst,001-862-379-4336,Pending,7,High,1,
SAR00266,2026-02-05,Global Trust Bank,Lara Inc,East Stephanieview,NCUA,+1-326-629-3714x1341,0,CUST00266,Wendy Daniels,RFSZ06865456222734,2010-04-21,Doctor,Corporate,High,11,"457 Barker Viaduct
Farmerbury, AS 84646",Singapore,2026-01-07,2026-01-18,415226,68,0,1,6106.264705882353,196830,43,7.007255212842638,0,0,0,0,3.5,0,0,5.702869387313905,0,Money Laundering,Rapid Movement,RULE_120,Multiple suspicious transaction patterns detected.,High-value structured transactions across multiple accounts,135390,1,3138,Deborah Smith,AML Analyst,622-514-2660x91627,Pending,0,Low,0,
SAR00267,2026-01-05,Global Trust Bank,Ross-Barnes,Josephberg,Federal Reserve,761.776.0901,0,CUST00267,Kimberly Bennett,RYWR95786045387179,1914-01-13,Student,Individual,Low,1,"4187 Michael Cape
Wilsonton, AR 59055",UAE,2026-02-05,2026-01-14,3938233,180,0,0,21879.07222222222,1793243,27,2.611624325108602,0,0,0,0,7.96,1,0,1.331821256675234,1,Fraud,Smurfing,RULE_089,Multiple suspicious transaction patterns detected.,High-value structured transactions across multiple accounts,1405160,0,708054,Timothy Gillespie,AML Analyst,001-598-630-3829,Approved,2,Low,0,
SAR00268,2026-02-12,Global Trust Bank,Graham Group,Lake Rodneyside,FDIC,2268326867,0,CUST00268,Lauren Brown,HKTV91324851772751,2005-09-17,Consultant,Corporate,High,3,"382 Rachel Shore
Wesleystad, IL 67882",UAE,2026-02-12,2026-01-17,4622752,62,0,0,74560.51612903226,2603385,41,4.962392219008139,0,0,0,0,0.24,1,1,0.6090193309949332,0,Terror Financing,Smurfing,RULE_001,Multiple suspicious transaction patterns detected.,High-value structured transactions across multiple accounts,1010341,1,501541,Johnny Collier,AML Analyst,001-845-823-8617x1641,Rejected,2,Low,0,
SAR00269,2026-01-22,Unity Financial Services,Allen PLC,Barkerfurt,Federal Reserve,001-897-331-0940,0,CUST00269,Jacob Ryan,JMFB01125754258032,1946-06-19,Business Owner,Corporate,Medium,1,"USS Johnson
FPO AA 84523",UK,2026-01-29,2026-02-05,392773,5,1,0,78554.6,27499,25,0.22564511705347234,1,1,1,1,7.5,2,0,2.6879761503019814,1,Account Takeover,Structuring,RULE_001,Multiple suspicious transaction patterns detected.,High-value structured transactions across multiple accounts,125367,0,36105,Sarah Davis,AML Analyst,(747)652-3778x893,Rejected,8,High,1,
SAR00270,2026-02-14,Global Trust Bank,"Garcia, Wade and Castillo",North Michaelton,Federal Reserve,001-487-327-3095,0,CUST00270,Ashley Gray,KIZA68300496998401,2001-04-01,Consultant,Corporate,High,13,"25884 Daniels Park
Lake Robertborough, DC 27146",Singapore,2026-02-07,2026-01-03,438797,25,0,0,17551.88,281319,41,0.8157492561136592,0,0,0,0,5.18,3,0,8.118661240103798,0,Money Laundering,Rapid Movement,RULE_001,Multiple suspicious transaction patterns detected.,High-value structured transactions across multiple accounts,91408,0,88050,Shawn Anderson,AML Analyst,346-220-5206,Pending,0,Low,0,
SAR00271,2026-02-01,Global Trust Bank,Smith Group,West Brittany,NCUA,001-870-865-6896x95442,0,CUST00271,Benjamin Mcdaniel,NCOQ61082818563220,1984-08-12,Student,Corporate,Medium,13,"007 Robert Forest
West Matthew, WV 04379",India,2026-01-14,2026-01-25,4782347,20,1,0,239117.35,3224598,35,5.574049643141872,0,0,0,0,8.08,1,0,7.201574609309402,1,Money Laundering,Smurfing,RULE_001,Multiple suspicious transaction patterns detected.,High-value structured transactions across multiple accounts,1780624,1,70617,James Jacobs,AML Analyst,001-917-534-0237x9631,Pending,3,Medium,1,
SAR00272,2026-02-09,Secure National Bank,Moore Group,Aliciahaven,Federal Reserve,(699)404-0405x66564,0,CUST00272,Tina Rogers,ZRCX34826695313436,1927-06-16,Engineer,Individual,High,3,"044 Lisa Place Apt. 185
Katherinefort, FM 72686",UK,2026-01-14,2026-02-13,3876240,121,1,0,32035.04132231405,3784044,42,8.591117576469165,1,1,1,0,4.11,4,1,8.862882164557176,0,Money Laundering,Smurfing,RULE_045,Multiple suspicious transaction patterns detected.,High-value structured transactions across multiple accounts,1127298,0,382071,Benjamin Campbell,AML Analyst,(735)849-8519x8257,Rejected,8,High,1,
SAR00273,2026-02-03,Global Trust Bank,Carpenter Group,Port Mary,NCUA,001-813-849-0506x5171,0,CUST00273,Tyler Moore,FPMM97461250349603,1968-12-07,Consultant,Corporate,Medium,14,"7092 King Stream
South Elizabeth, ID 85394",UAE,2026-02-12,2026-01-06,3515764,134,0,0,26237.044776119405,1576480,13,4.281839398671728,1,0,1,0,6.36,2,0,7.833872199958384,1,Money Laundering,Rapid Movement,RULE_089,Multiple suspicious transaction patterns detected.,High-value structured transactions across multiple accounts,2621183,0,792395,Michelle Bonilla,AML Analyst,+1-467-410-0302x341,Pending,6,High,1,
SAR00274,2026-01-29,Global Trust Bank,Taylor-Estrada,New Stefaniemouth,FDIC,001-858-378-8464,0,CUST00274,James Hall,WXXM43714827896963,1966-06-15,Engineer,Individual,Medium,4,"457 Samuel Field
South Janetton, AK 98054",USA,2026-01-20,2026-02-13,1813566,18,0,0,100753.66666666667,847672,19,9.562918815133614,0,0,0,0,0.62,2,0,4.8564686533427714,0,Account Takeover,Smurfing,RULE_001,Multiple suspicious transaction patterns detected.,High-value structured transactions across multiple accounts,956754,1,474056,Kenneth White,AML Analyst,(225)750-5609x9739,Rejected,2,Low,0,
SAR00275,2026-01-19,Secure National Bank,Cowan-Haney,East Michaelstad,FDIC,+1-677-642-2116x58089,0,CUST00275,Jeffrey Whitehead,WKST76866247902179,1998-01-12,Consultant,Individual,Medium,2,"5803 Potts Ridges
South Stephanieton, VI 42591",USA,2026-01-01,2026-02-13,1125803,157,1,0,7170.71974522293,853389,24,0.9750769246387525,0,0,0,0,0.54,2,0,0.6368476750251673,0,Account Takeover,Mule Network,RULE_045,Multiple suspicious transaction patterns detected.,High-value structured transactions across multiple accounts,344806,0,150433,Dr. Susan Gardner,AML Analyst,001-858-558-8577,Rejected,3,Medium,1,
SAR00276,2026-01-10,Unity Financial Services,"Morgan, Smith and Rogers",Whitechester,NCUA,001-487-775-8341,0,CUST00276,Wayne Leonard,OTMB84376830487106,1973-04-13,Consultant,Individual,High,8,"092 Greene Mission
East Tammytown, TN 22608",Singapore,2026-01-09,2026-01-02,4351421,188,0,0,23145.856382978724,927426,8,8.712516273986527,0,1,1,1,6.47,2,1,8.596795850803328,1,Terror Financing,Structuring,RULE_001,Multiple suspicious transaction patterns detected.,High-value structured transactions across multiple accounts,3375324,0,115076,Stephen Brennan,AML Analyst,001-481-843-8391x9594,Approved,7,High,1,
SAR00277,2026-02-03,Global Trust Bank,"Gutierrez, Watson and Cameron",Davidville,FDIC,311.278.0402x79988,1,CUST00277,Joseph Macdonald,PNGS27912266321012,1970-08-11,Doctor,Individual,High,13,"448 Hughes Squares
East Jamesfurt, LA 74751",UK,2026-01-09,2026-01-12,1034242,79,1,1,13091.67088607595,567473,33,1.8919579239035489,1,1,1,1,7.09,2,0,9.221919280512843,1,Fraud,Smurfing,RULE_001,Multiple suspicious transaction patterns detected.,High-value structured transactions across multiple accounts,294962,0,43204,Daniel Briggs,AML Analyst,001-413-790-7878x10699,Pending,10,High,1,
SAR00278,2026-02-01,Global Trust Bank,Bailey-Jones,Haleyfurt,FDIC,423-616-2073x4752,1,CUST00278,Scott Scott,IQFV16498806010154,1998-11-23,Consultant,Corporate,Medium,13,"9035 Shelby Way Suite 779
New Shawnchester, AL 57676",India,2026-01-04,2026-02-12,1386710,83,0,0,16707.349397590362,806818,15,8.624965074015854,0,0,0,0,6.3,4,0,1.3925407078470398,1,Terror Financing,Structuring,RULE_045,Multiple suspicious transaction patterns detected.,High-value structured transactions across multiple accounts,286257,0,405936,Alicia Spencer,AML Analyst,(363)833-8525x414,Approved,2,Low,0,
SAR00279,2026-02-02,Secure National Bank,Baker-Collins,New Stephenborough,NCUA,758.823.7181,1,CUST00279,Matthew Gordon,WKPV88947931446559,1938-01-27,Student,Corporate,Low,6,"74355 Kimberly Vista
West Katrina, GU 76300",India,2026-01-05,2026-01-22,949461,125,0,0,7595.688,905444,34,1.674597445179885,0,0,0,0,1.22,0,0,4.740062659484451,0,Money Laundering,Smurfing,RULE_001,Multiple suspicious transaction patterns detected.,High-value structured transactions across multiple accounts,446968,1,150982,Patrick Gibbs,AML Analyst,001-309-509-3048x74317,Rejected,0,Low,0,
SAR00280,2026-02-01,Unity Financial Services,Baldwin Inc,North Steven,FDIC,+1-874-378-0029x54246,1,CUST00280,Carolyn Miller,JNPB67816048693623,1947-11-22,Consultant,Individual,Medium,7,"2144 Isaiah Land Apt. 465
New Brittanystad, NY 23175",UK,2026-02-08,2026-01-04,2380100,26,0,0,91542.30769230769,1723562,37,8.202533189448896,0,0,0,0,4.58,1,0,3.2085454274984357,0,Account Takeover,Structuring,RULE_045,Multiple suspicious transaction patterns detected.,High-value structured transactions across multiple accounts,1327215,1,310790,Brian Santiago,AML Analyst,2817318727,Rejected,2,Low,0,
SAR00281,2026-02-11,Unity Financial Services,Greene-Taylor,Elizabethland,Federal Reserve,244-321-8908x217,0,CUST00281,Kathy Rojas,IWZS82991155184114,2008-08-20,Doctor,Corporate,Low,14,"854 Delgado Square
East Sarahstad, ID 87902",UAE,2026-01-23,2026-01-04,199152,169,0,0,1178.414201183432,84335,9,4.1869514332768425,0,0,0,0,9.15,1,0,8.76192478269556,1,Fraud,Smurfing,RULE_089,Multiple suspicious transaction patterns detected.,High-value structured transactions across multiple accounts,126196,0,42154,Charles Hart,AML Analyst,937.943.8446x15257,Approved,0,Low,0,
SAR00282,2026-01-08,Global Trust Bank,Perez-Sexton,East Christina,Federal Reserve,001-439-878-6353x301,0,CUST00282,William Gonzalez,OLPL13227576676321,1960-06-19,Engineer,Corporate,Medium,1,"6229 Matthews Villages Suite 774
New Matthew, VT 19673",UK,2026-02-12,2026-01-14,3174562,175,0,0,18140.354285714286,1022375,33,7.187181132622023,0,0,0,1,0.39,4,0,4.441834068783665,0,Fraud,Mule Network,RULE_001,Multiple suspicious transaction patterns detected.,High-value structured transactions across multiple accounts,1921727,0,820413,Spencer Williamson,AML Analyst,414.860.7071x6880,Approved,4,Medium,1,
SAR00283,2026-01-07,Secure National Bank,Singleton Group,Powellside,Federal Reserve,751.425.2297x132,1,CUST00283,Julie Hawkins,TZVF91955772232801,1951-05-18,Doctor,Corporate,High,4,"9200 Martin Mountain Suite 273
Waltersport, ND 61624",USA,2026-02-15,2026-01-13,628090,34,0,1,18473.235294117647,239337,4,9.888405413036631,0,0,0,0,7.55,1,0,8.62922393510989,1,Terror Financing,Mule Network,RULE_001,Multiple suspicious transaction patterns detected.,High-value structured transactions across multiple accounts,226266,0,161813,Felicia Esparza,AML Analyst,(205)268-7003,Pending,0,Low,0,
SAR00284,2026-02-08,Secure National Bank,Lewis Group,Foxland,Federal Reserve,625.699.8363x0452,0,CUST00284,Rebecca Nichols,ILYB96046001030599,2013-08-29,Consultant,Corporate,High,14,"334 David Squares Suite 745
Bellport, MN 85430",UK,2026-01-19,2026-01-26,3944625,183,0,0,21555.32786885246,3379775,6,3.373306088457655,1,0,0,0,1.87,0,0,4.386475002460548,0,Fraud,Mule Network,RULE_089,Multiple suspicious transaction patterns detected.,High-value structured transactions across multiple accounts,3102438,1,872641,Kenneth French,AML Analyst,936.532.5632x94005,Approved,4,Medium,1,
SAR00285,2026-01-31,Unity Financial Services,Prince-Pope,Ortizfort,NCUA,001-405-772-5025,0,CUST00285,Sarah Aguirre,KJPI12112647700434,1996-11-25,Engineer,Corporate,Medium,12,"317 Alexander Ville Apt. 168
East Michael, MH 61494",USA,2026-01-11,2026-01-11,666440,35,0,1,19041.14285714286,189054,17,3.146289089351988,0,0,0,0,9.16,2,0,0.2075803212396421,1,Terror Financing,Mule Network,RULE_089,Multiple suspicious transaction patterns detected.,High-value structured transactions across multiple accounts,437538,0,172871,Emily Dyer,AML Analyst,(468)987-7133x598,Pending,0,Low,0,
SAR00286,2026-01-22,Secure National Bank,"Martinez, Ortega and Owens",New Cindy,FDIC,649.391.4864x80721,1,CUST00286,Casey Campbell,JZSC06891774571186,1975-12-09,Trader,Corporate,High,12,"07790 Lisa Ford
Westtown, KS 35625",UAE,2026-01-13,2026-01-16,11464,183,0,1,62.6448087431694,5896,27,7.378804151687424,0,0,1,0,5.02,0,0,6.059261954142473,0,Fraud,Mule Network,RULE_089,Multiple suspicious transaction patterns detected.,High-value structured transactions across multiple accounts,5757,1,3275,Samantha Burns,AML Analyst,766-292-0368,Approved,2,Low,0,
SAR00287,2026-01-08,Secure National Bank,"Fowler, Keller and Greer",New Glenn,Federal Reserve,2938449868,0,CUST00287,Brandy Warren,IHXN33154735536522,1971-06-09,Student,Individual,High,5,"09321 Holly Unions Suite 929
New Christy, MS 30208",USA,2026-02-08,2026-02-02,608151,75,0,0,8108.68,368154,2,1.675665393045065,0,0,0,0,7.96,0,0,4.014976105648763,1,Terror Financing,Rapid Movement,RULE_001,Multiple suspicious transaction patterns detected.,High-value structured transactions across multiple accounts,411035,0,33927,Johnathan Delgado,AML Analyst,+1-437-597-2583x9440,Rejected,0,Low,0,
SAR00288,2026-02-08,Secure National Bank,Miller PLC,Josephfurt,NCUA,+1-682-943-5732,0,CUST00288,Rhonda Aguilar,SZDI27636023317390,1945-10-21,Engineer,Corporate,Medium,7,"374 Zimmerman Ramp
Lake Franciscochester, GU 27656",India,2026-02-03,2026-01-19,3927380,139,1,0,28254.53237410072,762582,44,9.69615938904338,0,0,0,0,8.53,2,1,8.2915064028414,1,Account Takeover,Mule Network,RULE_045,Multiple suspicious transaction patterns detected.,High-value structured transactions across multiple accounts,1982875,0,562882,Jessica Bailey,AML Analyst,+1-839-467-6397x835,Rejected,3,Medium,1,
SAR00289,2026-02-10,Secure National Bank,Moreno Ltd,Thomasburgh,Federal Reserve,4444129595,1,CUST00289,Juan Griffith,XJPV40981148586207,1988-01-10,Trader,Individual,High,7,"25737 Oneal Island
West Nataliefurt, WI 81833",UK,2026-01-13,2026-01-24,1687978,83,0,0,20337.0843373494,642506,23,6.332632016094104,0,0,0,0,7.46,1,0,8.20324088147201,1,Account Takeover,Structuring,RULE_120,Multiple suspicious transaction patterns detected.,High-value structured transactions across multiple accounts,906643,0,469076,Holly Guerra,AML Analyst,697-527-3546x72301,Rejected,2,Low,0,
SAR00290,2026-02-02,Secure National Bank,"Fernandez, Santos and Jennings",East Benjaminshire,NCUA,977.532.5306x749,1,CUST00290,Daniel Adams,UQQW37251588087857,1914-12-20,Consultant,Corporate,High,14,"PSC 9831, Box 5548
APO AE 63336",India,2026-02-03,2026-02-09,2531297,162,1,0,15625.29012345679,771868,17,4.259975194684281,0,0,0,0,5.64,3,0,8.239976518799782,0,Fraud,Rapid Movement,RULE_001,Multiple suspicious transaction patterns detected.,High-value structured transactions across multiple accounts,816223,0,608224,Benjamin Gray,AML Analyst,674-711-7242x51306,Pending,3,Medium,1,
SAR00291,2026-01-06,Global Trust Bank,Hayes PLC,North Joshua,NCUA,(999)659-5841,0,CUST00291,Christopher Winters,LWEQ24683972123914,1934-09-08,Doctor,Corporate,Low,8,"588 Jeffrey Manors
Lake Karenmouth, NC 05352",USA,2026-01-20,2026-02-15,2101419,118,0,0,17808.63559322034,1650766,13,3.4292966275919587,1,1,0,1,2.41,0,0,5.439731112849675,0,Money Laundering,Rapid Movement,RULE_120,Multiple suspicious transaction patterns detected.,High-value structured transactions across multiple accounts,712295,1,250450,Marie Sanders,AML Analyst,392-202-2020,Approved,7,High,1,
SAR00292,2026-01-15,Secure National Bank,Cooper-Reeves,East Matthewside,Federal Reserve,+1-307-394-9615,0,CUST00292,James Chapman,ZCGX82997787459852,1938-06-23,Business Owner,Individual,Medium,13,"0456 Margaret Trafficway Suite 685
Sherrymouth, GU 09750",UAE,2026-01-13,2026-01-22,4465168,72,1,0,62016.22222222222,1200344,17,1.6169455327398685,1,1,0,1,5.35,1,0,3.2783819885003407,0,Terror Financing,Mule Network,RULE_089,Multiple suspicious transaction patterns detected.,High-value structured transactions across multiple accounts,1889879,1,453871,Anthony Tanner,AML Analyst,635.873.9254x36514,Approved,8,High,1,
SAR00293,2026-01-01,Secure National Bank,Cruz-Ruiz,Loganborough,NCUA,(984)312-8172x371,0,CUST00293,Jackson Austin,OIXY91913017797085,2016-03-31,Student,Individual,Medium,10,"785 Ryan Port Apt. 589
New Meghanstad, PW 44824",India,2026-01-03,2026-01-25,4714751,124,0,0,38022.18548387097,3614134,43,0.5451192743782629,0,0,0,0,2.17,2,0,3.4213260011189495,0,Account Takeover,Structuring,RULE_089,Multiple suspicious transaction patterns detected.,High-value structured transactions across multiple accounts,3663033,0,691722,Heather Johnson,AML Analyst,455.968.5166,Approved,2,Low,0,
SAR00294,2026-01-02,Global Trust Bank,"Gutierrez, Owens and Smith",Lake Zachary,Federal Reserve,(221)554-5827,1,CUST00294,Donald Brown,CXLY17835173295959,2014-11-04,Doctor,Individual,Medium,5,"359 Hughes Cliffs
Port Tyler, PR 39429",Singapore,2026-01-10,2026-01-13,3544730,21,0,0,168796.66666666666,1739635,33,4.308582753822707,0,0,0,0,7.96,1,0,6.013840706885634,1,Fraud,Mule Network,RULE_045,Multiple suspicious transaction patterns detected.,High-value structured transactions across multiple accounts,1430412,0,43672,Jeffrey Young,AML Analyst,+1-312-822-0324,Rejected,2,Low,0,
SAR00295,2026-02-07,Secure National Bank,"Gardner, Arnold and Lopez",South Davidstad,FDIC,+1-484-673-0513x04492,1,CUST00295,Eric Perez,CIMW79262097314935,2009-02-15,Consultant,Individual,Medium,11,"23060 Jasmine Union
Port Diana, MS 03065",UK,2026-02-02,2026-02-10,2766856,53,0,0,52204.83018867925,2118048,10,0.6250694151041081,0,0,0,0,4.64,3,0,1.128431871836214,0,Fraud,Structuring,RULE_089,Multiple suspicious transaction patterns detected.,High-value structured transactions across multiple accounts,1543519,0,22301,Cindy Jackson,AML Analyst,(872)723-2059x93946,Pending,2,Low,0,
SAR00296,2026-01-29,Unity Financial Services,"Roberson, Todd and Meyer",Johnsonton,Federal Reserve,715.447.6316,1,CUST00296,Gregory Schmidt,JUHL69467895543054,1965-01-05,Business Owner,Corporate,High,14,"570 Peter Lake
Kelleybury, GU 00529",India,2026-01-15,2026-01-01,2826058,184,0,0,15359.010869565218,463819,26,9.571348325397961,0,0,0,0,8.98,3,0,4.467264687026406,1,Terror Financing,Layering,RULE_045,Multiple suspicious transaction patterns detected.,High-value structured transactions across multiple accounts,774537,0,799,Catherine Miller,AML Analyst,001-364-681-2399x97108,Rejected,2,Low,0,
SAR00297,2026-02-05,Global Trust Bank,Sexton Group,East Julie,FDIC,442.841.9451x20130,0,CUST00297,Tonya Davis,BHZW38776146322289,2006-09-18,Student,Corporate,Medium,12,"74039 Lori Mall
West Shelleychester, WY 65141",UAE,2026-01-31,2026-02-10,3103056,91,0,0,34099.51648351648,718806,13,6.633107095040019,1,1,1,0,7.7,3,0,6.484645569002371,1,Account Takeover,Layering,RULE_045,Multiple suspicious transaction patterns detected.,High-value structured transactions across multiple accounts,748036,1,111133,Cassandra Harrington,AML Analyst,(950)823-4949x57743,Rejected,7,High,1,
SAR00298,2026-01-25,Unity Financial Services,Benson-Ramirez,Bethmouth,FDIC,(846)996-7180x602,1,CUST00298,Ashley Hughes,TCZE91569289796581,1953-06-30,Consultant,Individual,High,5,"78167 Gregory Well
Bryantshire, IN 19637",USA,2026-02-09,2026-01-28,3663997,121,1,1,30280.96694214876,352186,40,4.734356593750214,1,0,0,1,1.82,2,0,1.1910653587671627,0,Terror Financing,Mule Network,RULE_120,Multiple suspicious transaction patterns detected.,High-value structured transactions across multiple accounts,1041777,0,569469,Samantha Sweeney,AML Analyst,001-694-634-2992x56554,Approved,7,High,1,
SAR00299,2026-02-07,Global Trust Bank,"English, Jordan and Duke",Katelynland,NCUA,(494)977-2638,0,CUST00299,Shawn Jones,OJDZ39304985477732,1955-11-01,Engineer,Individual,Medium,14,"946 Jennifer Heights
Jenniferville, MD 16032",India,2026-02-15,2026-02-15,2553600,15,1,0,170240.0,1008941,8,9.285968815306383,0,0,0,0,2.65,1,1,5.322228748561939,0,Money Laundering,Rapid Movement,RULE_045,Multiple suspicious transaction patterns detected.,High-value structured transactions across multiple accounts,1769606,0,606652,Alexander Wright,AML Analyst,222.374.2934x62032,Approved,3,Medium,1,
SAR00300,2026-02-03,Secure National Bank,Fernandez and Sons,Juliashire,Federal Reserve,001-227-573-5156x577,1,CUST00300,Ryan Howard,OKMQ63059761665765,1923-12-09,Consultant,Individual,Medium,6,"321 Jimmy Walk Apt. 699
New Melissaville, FL 47648",UK,2026-01-31,2026-01-21,2881262,8,0,1,360157.75,1034516,34,3.7973740482164873,0,0,0,0,7.28,1,0,1.9202336913634455,1,Fraud,Rapid Movement,RULE_120,Multiple suspicious transaction patterns detected.,High-value structured transactions across multiple accounts,1728790,0,520761,Mary Howell,AML Analyst,001-388-296-0084x063,Rejected,2,Low,0,
SAR00301,2026-01-08,Secure National Bank,Castillo-Levy,Oliviabury,NCUA,(468)812-5603x8360,1,CUST00301,Jennifer Mcgee,HBMP04443986228756,1967-05-09,Business Owner,Corporate,Medium,2,"86646 Frederick Cove
Kimberlyside, KY 35066",UK,2026-01-25,2026-01-17,1462913,143,1,0,10230.160839160839,605699,36,1.9755590567847825,0,0,0,0,0.85,3,0,2.767541319513086,0,Terror Financing,Smurfing,RULE_001,Multiple suspicious transaction patterns detected.,High-value structured transactions across multiple accounts,782516,0,409411,Nicholas Harris,AML Analyst,(983)600-4700,Rejected,3,Medium,1,
SAR00302,2026-01-08,Global Trust Bank,"Ward, Matthews and Cole",Hernandezton,FDIC,+1-741-252-8387x26847,1,CUST00302,Mrs. Sabrina Page,GVRK36093349528384,2009-06-27,Business Owner,Individual,Medium,6,"3259 Sandra Green
Thomasmouth, WV 84482",India,2026-01-23,2026-01-30,1803278,141,0,0,12789.205673758865,1067016,26,7.371324139566391,0,0,0,0,3.36,1,0,4.850179875240412,0,Terror Financing,Smurfing,RULE_045,Multiple suspicious transaction patterns detected.,High-value structured transactions across multiple accounts,453058,1,280235,Melissa Mcguire,AML Analyst,(380)906-8926,Rejected,2,Low,0,
SAR00303,2026-01-27,Secure National Bank,Schneider-Martin,Randallshire,FDIC,602-364-3088x1711,0,CUST00303,Melissa Lyons,LFLP36142075040181,1926-07-21,Student,Individual,High,4,"USNV Williamson
FPO AP 79900",UK,2026-01-04,2026-01-13,1214725,43,0,0,28249.418604651164,432991,33,4.291494919583219,0,0,0,0,8.37,1,0,3.779940386261531,1,Account Takeover,Layering,RULE_120,Multiple suspicious transaction patterns detected.,High-value structured transactions across multiple accounts,958064,0,288595,Janet Humphrey,AML Analyst,7938753025,Rejected,2,Low,0,
SAR00304,2026-01-06,Unity Financial Services,Serrano PLC,Mariachester,NCUA,(514)636-4132,1,CUST00304,Katherine Garcia,MQGN86031229303532,1915-11-24,Doctor,Individual,High,3,"17095 Stacey Throughway Apt. 106
Garciahaven, VI 95174",UAE,2026-01-02,2026-01-27,4838511,130,0,1,37219.31538461539,308446,29,7.1907562051081175,0,0,0,0,2.51,0,0,5.776130806371337,0,Account Takeover,Smurfing,RULE_045,Multiple suspicious transaction patterns detected.,High-value structured transactions across multiple accounts,2625106,0,458013,Kayla White,AML Analyst,964-594-5699x63439,Pending,2,Low,0,
SAR00305,2026-01-22,Secure National Bank,Mcclure-Garza,West Todd,FDIC,(348)646-2193x267,0,CUST00305,Wesley David,SMQP85800189240343,2002-12-12,Student,Individual,Medium,1,"979 Davis Stravenue
New Sharon, TN 62545",India,2026-01-09,2026-02-12,3822780,142,1,0,26920.985915492958,439352,11,8.685570282494607,1,1,1,0,2.9,1,0,0.9564069602371594,0,Account Takeover,Layering,RULE_045,Multiple suspicious transaction patterns detected.,High-value structured transactions across multiple accounts,1725915,0,197155,Ashley Wilson,AML Analyst,+1-898-640-2512x98961,Approved,8,High,1,
SAR00306,2026-02-01,Unity Financial Services,Johnson-Smith,Lake Maria,NCUA,001-229-225-7058x289,1,CUST00306,Gregory Walters,ZIVE53492737376361,1915-04-23,Doctor,Corporate,Medium,2,"163 West Viaduct Apt. 329
Wardhaven, ND 92398",UK,2026-02-06,2026-01-11,2310433,162,0,0,14261.932098765432,1736765,13,3.173888500278852,0,0,0,0,1.02,3,1,3.7698616728684167,0,Account Takeover,Mule Network,RULE_120,Multiple suspicious transaction patterns detected.,High-value structured transactions across multiple accounts,1298296,0,473486,Andrea Carter,AML Analyst,274-246-8782x688,Pending,2,Low,0,
SAR00307,2026-01-07,Global Trust Bank,Turner LLC,Alexisfort,NCUA,(495)942-1880x592,1,CUST00307,Elizabeth Howard,OPIW29220542228935,1949-02-01,Business Owner,Individual,Medium,5,"76044 Jay Heights
Ryanberg, PA 02686",India,2026-02-10,2026-01-19,673875,20,1,0,33693.75,258078,40,7.461796385522723,0,0,0,0,5.37,2,1,3.1621512256333006,0,Fraud,Layering,RULE_089,Multiple suspicious transaction patterns detected.,High-value structured transactions across multiple accounts,476417,0,135399,Erik Burton,AML Analyst,001-219-847-2150x1054,Pending,1,Low,0,
SAR00308,2026-01-15,Secure National Bank,Clark and Sons,West Haley,NCUA,8154700587,0,CUST00308,Rachel English,GTUX43775288476015,1933-05-20,Doctor,Corporate,High,13,"67528 Donald Rest Suite 465
Jasonmouth, TN 13690",USA,2026-01-18,2026-01-24,4866282,147,0,0,33103.95918367347,1942135,36,7.564510879889118,0,0,0,0,6.17,4,1,1.4795833410940584,1,Money Laundering,Rapid Movement,RULE_001,Multiple suspicious transaction patterns detected.,High-value structured transactions across multiple accounts,3848220,0,190300,Stephanie Bates,AML Analyst,+1-248-528-6514,Approved,2,Low,0,
SAR00309,2026-01-12,Unity Financial Services,Clark-Lopez,North Shannonview,FDIC,225-940-5973x981,1,CUST00309,Michele Duncan,XFBH16173735635087,2011-03-23,Student,Individual,High,13,"7615 Kenneth Station Apt. 170
Wardchester, OH 71713",UK,2026-01-17,2026-01-18,3089903,84,0,1,36784.55952380953,2158268,42,0.34431308573314556,1,0,1,1,3.88,2,0,4.4527402476470455,0,Terror Financing,Mule Network,RULE_001,Multiple suspicious transaction patterns detected.,High-value structured transactions across multiple accounts,1522922,1,91982,Sharon Contreras,AML Analyst,(562)368-2137,Rejected,8,High,1,
SAR00310,2026-02-05,Unity Financial Services,"Rodgers, Huff and Cruz",Calderonbury,Federal Reserve,624.533.5362,0,CUST00310,Marcus Jackson,ZGII13631158089703,1925-08-01,Trader,Individual,Medium,10,"17844 Perez Cliff Apt. 403
Port Jeffreymouth, NC 68694",Singapore,2026-02-15,2026-02-07,611752,75,1,0,8156.693333333334,541119,41,7.6531629952538625,0,0,0,0,7.98,4,0,3.044904243540304,1,Fraud,Structuring,RULE_120,Multiple suspicious transaction patterns detected.,High-value structured transactions across multiple accounts,483142,0,131711,Stanley Solomon,AML Analyst,+1-390-580-9940,Pending,1,Low,0,
SAR00311,2026-01-09,Global Trust Bank,Yang Group,South Cynthia,Federal Reserve,001-690-287-3532x8132,1,CUST00311,Shawn Griffith,IAGF67806691006300,1972-04-24,Doctor,Corporate,High,4,"0954 Scott Way
East Anna, AK 54296",USA,2026-02-06,2026-01-25,1072979,102,1,0,10519.401960784313,358699,37,4.345309633044954,0,0,0,0,9.48,0,0,4.892272547499193,1,Account Takeover,Layering,RULE_045,Multiple suspicious transaction patterns detected.,High-value structured transactions across multiple accounts,300441,0,93894,Carla Riley,AML Analyst,(251)661-4254,Pending,3,Medium,1,
SAR00312,2026-01-13,Global Trust Bank,"Lewis, Bennett and Combs",Lake Jason,Federal Reserve,(352)858-5385,0,CUST00312,Lisa Gill,LXJM04492382349997,2011-08-28,Student,Corporate,High,14,"64034 Jessica Fords
Lake Joel, HI 38119",Singapore,2026-02-12,2026-02-14,4734924,102,0,1,46420.82352941176,921992,39,6.63742738625387,0,0,0,0,8.66,1,0,6.647392049108463,1,Terror Financing,Smurfing,RULE_089,Multiple suspicious transaction patterns detected.,High-value structured transactions across multiple accounts,2138295,1,583434,Diane Fry,AML Analyst,4237112279,Approved,2,Low,0,
SAR00313,2026-01-14,Unity Financial Services,Allen Inc,Stoneton,FDIC,(814)864-5056,0,CUST00313,Christopher Carter,ILHX19801059752907,1938-02-25,Student,Individual,Low,13,"0069 Perry Creek
Gambleville, FL 80917",UK,2026-02-09,2026-01-06,1655224,130,1,0,12732.492307692308,1357670,47,3.6825010739513306,0,0,0,0,5.02,0,0,8.643662664559733,0,Money Laundering,Smurfing,RULE_045,Multiple suspicious transaction patterns detected.,High-value structured transactions across multiple accounts,784796,0,191700,Jennifer Patterson,AML Analyst,813.920.9898x538,Rejected,3,Medium,1,
SAR00314,2026-01-25,Global Trust Bank,Welch-Brown,Port Anthony,Federal Reserve,492-545-0849x428,1,CUST00314,Larry Tran,XRAU02798640663811,2009-02-20,Engineer,Corporate,Low,5,"188 Carol Alley Suite 319
South Hannahview, GA 36084",UK,2026-01-19,2026-01-04,1550329,128,1,0,12111.9453125,1340883,21,4.171642789757021,0,0,0,0,8.26,4,0,4.016968927597765,1,Account Takeover,Layering,RULE_089,Multiple suspicious transaction patterns detected.,High-value structured transactions across multiple accounts,777722,1,302701,Tina Hall,AML Analyst,451.310.1838x9139,Rejected,3,Medium,1,
SAR00315,2026-02-07,Secure National Bank,Torres-Patton,Mcclainberg,FDIC,829-594-2694,1,CUST00315,Michelle Williams,TVAU94740924746343,1946-11-04,Consultant,Individual,High,7,"468 Clark Mall Suite 509
West Donnafort, AR 65267",India,2026-01-10,2026-01-18,713669,168,0,0,4248.0297619047615,38635,20,7.800480870400435,0,0,0,0,1.66,3,0,9.881240759546353,0,Account Takeover,Rapid Movement,RULE_089,Multiple suspicious transaction patterns detected.,High-value structured transactions across multiple accounts,350510,0,190793,Kelli Hernandez,AML Analyst,655-270-7293,Rejected,0,Low,0,
SAR00316,2026-01-04,Secure National Bank,George PLC,North Jennifer,FDIC,9209198226,0,CUST00316,Brandy Barnett,ICKQ84599320239561,2018-05-27,Consultant,Corporate,High,10,"4674 Brittany Extensions
Underwoodhaven, HI 30521",India,2026-02-01,2026-01-29,2955501,192,1,0,15393.234375,2312199,21,0.9669455978756714,0,0,0,0,1.84,4,0,1.3443342736955,0,Money Laundering,Mule Network,RULE_089,Multiple suspicious transaction patterns detected.,High-value structured transactions across multiple accounts,1420509,0,379798,Anna Maldonado,AML Analyst,213-655-6893x61579,Pending,3,Medium,1,
SAR00317,2026-02-07,Unity Financial Services,"Gay, Brown and Webb",Nicholasburgh,FDIC,241-698-6824x686,1,CUST00317,George Wright,RIFC02588509789275,1945-04-15,Engineer,Corporate,Low,8,"8213 Stephen Path Apt. 110
Lake Sandra, NV 61134",UK,2026-01-07,2026-01-02,1286507,54,0,1,23824.203703703704,1118760,13,7.61889894377484,1,1,1,1,8.94,1,0,9.30998619712584,1,Fraud,Smurfing,RULE_089,Multiple suspicious transaction patterns detected.,High-value structured transactions across multiple accounts,296288,0,343667,Adrienne Henry,AML Analyst,001-665-930-2674x46375,Approved,9,High,1,
SAR00318,2026-01-28,Unity Financial Services,Carroll LLC,Port Craigborough,NCUA,(355)605-6503x65827,0,CUST00318,Brittany Knight,WFBG38763346740860,1937-11-26,Engineer,Corporate,Medium,5,"84321 Diana Track Apt. 388
South Lisaton, WY 52559",India,2026-01-01,2026-01-26,478006,61,0,0,7836.163934426229,338404,19,4.049685873761884,1,0,0,1,5.1,3,0,4.722264257562044,0,Money Laundering,Structuring,RULE_120,Multiple suspicious transaction patterns detected.,High-value structured transactions across multiple accounts,300058,0,37099,Christopher Aguilar,AML Analyst,359-565-3117x27113,Pending,4,Medium,1,
SAR00319,2026-01-26,Global Trust Bank,"Travis, Roach and White",North Michelleside,Federal Reserve,001-942-560-9869x347,1,CUST00319,Peter Mora,UUTO67847037427142,2015-03-23,Consultant,Corporate,Low,5,"67739 Carter Station
Lake Leeburgh, NM 53351",UK,2026-01-18,2026-01-18,1398488,70,0,0,19978.4,605338,19,6.79704778576834,1,1,1,1,6.88,2,0,9.558431471751637,1,Terror Financing,Layering,RULE_089,Multiple suspicious transaction patterns detected.,High-value structured transactions across multiple accounts,478323,1,40687,Julia Welch,AML Analyst,983.529.4768,Pending,9,High,1,
SAR00320,2026-01-04,Secure National Bank,Martin Inc,East Kelly,Federal Reserve,(337)455-3342,0,CUST00320,Mark King,UIRY89049451133172,1923-09-21,Doctor,Corporate,Medium,12,"912 Kenneth Vista
East Brittany, AR 32257",India,2026-02-02,2026-01-31,1368864,162,1,0,8449.777777777777,1234003,4,6.032454226840298,0,1,1,1,3.71,2,0,2.396457849575566,0,Fraud,Layering,RULE_001,Multiple suspicious transaction patterns detected.,High-value structured transactions across multiple accounts,300374,0,211024,Felicia Gross,AML Analyst,001-642-805-6558x482,Approved,8,High,1,
SAR00321,2026-01-24,Unity Financial Services,Copeland-Carlson,Aguirreton,FDIC,001-306-235-0873x7805,1,CUST00321,Melanie Santos,TMJE13292982947641,1989-09-14,Doctor,Individual,Medium,11,"0409 John Flats Apt. 493
Rodgersburgh, ND 20012",India,2026-02-15,2026-02-02,395508,80,1,0,4943.85,201243,1,1.8750445711898034,0,0,0,0,1.44,3,0,7.069563184934227,0,Money Laundering,Structuring,RULE_045,Multiple suspicious transaction patterns detected.,High-value structured transactions across multiple accounts,234381,1,28968,Sarah Robbins,AML Analyst,670-536-4698,Approved,1,Low,0,
SAR00322,2026-02-09,Global Trust Bank,Long-Mcguire,Tylerfort,Federal Reserve,+1-237-218-9731x908,0,CUST00322,Chad Krueger,DITJ61222554536511,1974-08-07,Student,Individual,High,12,"84855 Johnson Mount
Newtonshire, OK 89906",UK,2026-01-09,2026-02-01,203110,166,0,0,1223.55421686747,152270,36,0.9244951703706661,0,0,0,0,8.67,2,1,6.90123117682008,1,Money Laundering,Structuring,RULE_089,Multiple suspicious transaction patterns detected.,High-value structured transactions across multiple accounts,142678,0,54170,Sara Simmons,AML Analyst,4052049050,Pending,0,Low,0,
SAR00323,2026-01-10,Secure National Bank,"Brock, Price and Curtis",West Brandonside,NCUA,6582259704,0,CUST00323,Elaine Wilson,AUXA69348093812935,1929-08-09,Engineer,Corporate,Low,12,"0211 Reed Light Apt. 048
Lewisberg, IN 59129",UAE,2026-02-03,2026-02-12,4939349,154,1,0,32073.694805194806,4931622,23,1.1953086954707781,0,0,0,1,9.49,3,0,5.140819207661853,1,Account Takeover,Structuring,RULE_001,Multiple suspicious transaction patterns detected.,High-value structured transactions across multiple accounts,3297603,0,949873,Matthew Baker,AML Analyst,720.638.1078,Pending,5,Medium,1,
SAR00324,2026-01-20,Secure National Bank,Scott-Young,Kathrynside,FDIC,412-840-1444,1,CUST00324,Debra Duncan,HZHN16183229627218,1965-10-06,Trader,Individual,Medium,14,"61960 French Shore Suite 414
West Stephanieland, PW 83388",UAE,2026-02-08,2026-02-15,3488974,66,0,0,52863.242424242424,3247792,31,8.499464959451885,0,0,0,0,0.08,1,0,3.954182702423781,0,Terror Financing,Structuring,RULE_001,Multiple suspicious transaction patterns detected.,High-value structured transactions across multiple accounts,2136347,1,436880,Juan Ballard,AML Analyst,001-559-669-9439x5692,Rejected,2,Low,0,
SAR00325,2026-02-13,Unity Financial Services,"Foster, Taylor and Wilson",Port Kelsey,Federal Reserve,(467)874-0949,1,CUST00325,Maria Hernandez,VYRZ75090194312775,1980-09-15,Consultant,Corporate,High,11,"3635 Joann Corners
Mcbrideland, AK 26690",UAE,2026-02-04,2026-01-06,1404298,90,0,0,15603.31111111111,787409,3,0.6892787813464862,1,1,0,0,2.71,2,0,5.091354129215992,0,Terror Financing,Mule Network,RULE_120,Multiple suspicious transaction patterns detected.,High-value structured transactions across multiple accounts,398247,1,367189,Kyle Wright,AML Analyst,(746)374-7025x591,Pending,5,Medium,1,
SAR00326,2026-01-28,Global Trust Bank,Cooper PLC,Aguilarton,Federal Reserve,(781)532-9741x3501,1,CUST00326,Barbara Brady,KKBO08012351252647,1916-11-04,Engineer,Individual,High,8,"1600 Dixon Turnpike Suite 692
South Cameronbury, ND 16961",UK,2026-01-12,2026-01-13,4455627,105,0,1,42434.54285714286,2143421,35,2.6679454943383085,0,0,0,0,8.58,4,0,2.324040462144131,1,Fraud,Mule Network,RULE_089,Multiple suspicious transaction patterns detected.,High-value structured transactions across multiple accounts,2590408,1,1039565,John Summers,AML Analyst,242.874.3867,Pending,2,Low,0,
SAR00327,2026-01-21,Global Trust Bank,Kelly Inc,Port Sean,FDIC,272.304.6646,1,CUST00327,Jamie Ross,YQXB40963160268613,1963-12-23,Doctor,Individual,Low,8,"55560 Frye Fords Suite 639
South Andre, SC 08697",USA,2026-01-05,2026-01-31,1050851,175,1,1,6004.862857142857,99202,26,4.441839479215043,0,1,1,1,0.53,0,0,4.5796321448953545,0,Fraud,Structuring,RULE_089,Multiple suspicious transaction patterns detected.,High-value structured transactions across multiple accounts,460350,0,179474,Joshua Parks,AML Analyst,237.745.8023,Pending,8,High,1,
SAR00328,2026-01-13,Unity Financial Services,Fowler PLC,New Jenniferberg,NCUA,+1-397-406-9437x923,1,CUST00328,Laura Bond,EUER92018082926856,1980-04-15,Student,Individual,High,2,"22873 Clark Bypass Suite 727
Port Jasonshire, MS 45061",UK,2026-01-03,2026-01-07,4055807,9,0,0,450645.22222222225,3018337,11,7.222160986736462,0,1,1,1,2.96,0,0,2.5810764317341475,0,Fraud,Structuring,RULE_045,Multiple suspicious transaction patterns detected.,High-value structured transactions across multiple accounts,1940262,0,1128827,Megan Smith,AML Analyst,+1-857-916-9482x3030,Approved,7,High,1,
SAR00329,2026-02-12,Secure National Bank,Calhoun LLC,Port Dylantown,Federal Reserve,(756)511-2892x34543,0,CUST00329,Susan Frank,FEUR54742688537195,1991-04-09,Engineer,Corporate,High,4,"3622 Daniel Mills Suite 584
Anthonyhaven, MO 45584",USA,2026-01-08,2026-02-04,2536196,155,1,0,16362.554838709677,58997,6,3.018000558611551,0,0,0,0,4.39,0,0,2.6555759801241363,0,Money Laundering,Rapid Movement,RULE_001,Multiple suspicious transaction patterns detected.,High-value structured transactions across multiple accounts,1734920,0,626754,Courtney Knight,AML Analyst,+1-698-439-3920,Approved,3,Medium,1,
SAR00330,2026-01-16,Secure National Bank,Bennett-Price,East Sarahland,Federal Reserve,618-708-5858,1,CUST00330,Mr. Brian Kelley,XZFQ68828921089440,2015-03-02,Consultant,Corporate,Medium,12,"7229 Thomas Tunnel Suite 433
West Williamfurt, LA 43462",USA,2026-01-12,2026-02-09,4082348,68,0,1,60034.529411764706,2178577,15,1.3341633552320709,1,0,1,0,5.28,0,0,8.6799959189509,0,Terror Financing,Mule Network,RULE_001,Multiple suspicious transaction patterns detected.,High-value structured transactions across multiple accounts,2845035,0,92194,Laura Mitchell,AML Analyst,+1-512-564-3109x965,Pending,6,High,1,
SAR00331,2026-01-03,Unity Financial Services,"Barry, Johnson and Andrade",New Jeffrey,Federal Reserve,(672)598-0494,1,CUST00331,Brenda Turner,JIBT80641457676038,1986-03-06,Business Owner,Corporate,Low,10,"6770 Joseph Point Apt. 557
New Diana, MI 30306",India,2026-01-10,2026-02-08,2070306,158,1,0,13103.20253164557,670727,7,1.3566146716037775,0,1,0,1,1.13,0,1,3.4096197364298853,0,Money Laundering,Mule Network,RULE_089,Multiple suspicious transaction patterns detected.,High-value structured transactions across multiple accounts,1653353,0,173365,Brenda Singh,AML Analyst,001-419-546-0441x1789,Rejected,6,High,1,
SAR00332,2026-02-11,Unity Financial Services,Moore-Duran,East Maryville,NCUA,647.895.3100x666,1,CUST00332,Bethany Barrett,URDF76637629842940,1941-04-10,Consultant,Corporate,High,1,"03416 Sean Hill Apt. 400
Thomasmouth, AR 68472",UK,2026-01-14,2026-02-01,662253,190,0,0,3485.5421052631577,43090,27,2.23009823533733,0,0,0,0,0.22,3,0,5.142270112659776,0,Money Laundering,Rapid Movement,RULE_045,Multiple suspicious transaction patterns detected.,High-value structured transactions across multiple accounts,346699,0,152558,James Marshall,AML Analyst,(334)343-6995x05616,Approved,0,Low,0,
SAR00333,2026-01-03,Global Trust Bank,Small Group,Stephensonstad,FDIC,(522)758-8313x43643,1,CUST00333,John Warren,WEMR63788439551544,1914-08-23,Business Owner,Individual,Low,10,"17646 Kelly Track Suite 022
Charlesmouth, NE 76020",USA,2026-01-09,2026-02-13,2045403,199,1,0,10278.40703517588,1130054,2,8.263903116005553,0,0,0,0,0.55,1,0,2.7517011248806797,0,Fraud,Mule Network,RULE_001,Multiple suspicious transaction patterns detected.,High-value structured transactions across multiple accounts,897474,1,207545,Tara Reynolds,AML Analyst,560.240.2664,Approved,3,Medium,1,
SAR00334,2026-01-26,Unity Financial Services,Greene-Williams,North Teresaberg,FDIC,001-842-383-8972x60656,0,CUST00334,Carlos Marsh,RGEO93271810967611,1977-06-25,Doctor,Individual,Low,3,"344 Spencer Estates Apt. 294
North Yolanda, WY 78819",UAE,2026-02-05,2026-01-25,2479370,137,1,0,18097.591240875914,2083937,21,6.62232158329593,0,0,0,0,3.16,2,0,8.696958848516338,0,Money Laundering,Mule Network,RULE_001,Multiple suspicious transaction patterns detected.,High-value structured transactions across multiple accounts,1821095,0,341635,Amanda Garner,AML Analyst,+1-462-715-0799x16235,Approved,3,Medium,1,
SAR00335,2026-02-06,Unity Financial Services,Cox-Townsend,Hodgeview,NCUA,772.583.7054x35886,1,CUST00335,Tyler West,AFDB08644197214664,2002-04-25,Business Owner,Corporate,High,2,"84417 Gardner Keys Apt. 078
Michaelstad, AZ 06577",UAE,2026-01-25,2026-01-22,3626301,159,0,1,22806.924528301886,278497,38,8.388393367652704,1,0,0,1,8.21,3,0,3.423951232958596,1,Money Laundering,Structuring,RULE_045,Multiple suspicious transaction patterns detected.,High-value structured transactions across multiple accounts,1914272,0,823148,Jermaine Tucker,AML Analyst,944.595.6525x7697,Rejected,6,High,1,
SAR00336,2026-01-30,Global Trust Bank,Valenzuela LLC,Johnville,Federal Reserve,001-871-935-4554x7308,0,CUST00336,William Fernandez,BMNG37681281862404,1983-09-12,Consultant,Corporate,High,5,"5712 Katrina Centers
Lake Brittany, DC 35790",USA,2026-02-10,2026-01-06,4485591,40,0,0,112139.775,3149787,45,1.8424865157267423,0,0,0,0,8.4,3,0,3.267388905686336,1,Fraud,Layering,RULE_089,Multiple suspicious transaction patterns detected.,High-value structured transactions across multiple accounts,1838054,0,369002,Cristian Alvarez,AML Analyst,690.709.1229x1164,Pending,2,Low,0,
SAR00337,2026-01-05,Unity Financial Services,Gutierrez-Osborne,New Joelfort,FDIC,(677)968-7930,0,CUST00337,Kim Aguilar,QGIO99184232548058,1970-02-25,Doctor,Individual,Low,10,"8908 Willis Inlet
South Jessicaport, PR 12522",Singapore,2026-01-27,2026-01-13,3670842,53,0,0,69261.16981132075,2796338,28,5.807559990556591,1,1,1,0,6.76,4,0,1.8410132336095697,1,Account Takeover,Smurfing,RULE_001,Multiple suspicious transaction patterns detected.,High-value structured transactions across multiple accounts,966863,1,637357,Danielle Scott,AML Analyst,941.256.5605x944,Approved,7,High,1,
SAR00338,2026-01-02,Unity Financial Services,"Hernandez, Reed and Perez",East Matthew,NCUA,001-647-647-6392x6497,0,CUST00338,Charles Doyle,MRZF27853808611757,2014-08-04,Doctor,Individual,Medium,1,"1099 Castillo Drive
South Hollybury, NY 39053",UK,2026-01-22,2026-02-01,915913,62,0,0,14772.790322580646,658817,18,8.344582528560966,0,0,0,0,8.51,3,0,0.3301193590032725,1,Fraud,Structuring,RULE_120,Multiple suspicious transaction patterns detected.,High-value structured transactions across multiple accounts,707416,0,216776,Jennifer Bailey,AML Analyst,672.759.4377x2807,Rejected,0,Low,0,
SAR00339,2026-01-29,Global Trust Bank,"Reed, Marquez and Webb",Coleburgh,FDIC,937-929-5423,0,CUST00339,Stacey Hall,LXOC85883903367412,1927-09-10,Engineer,Corporate,Low,11,"44138 Cook Spur Suite 047
Port Michelleburgh, NE 61611",USA,2026-01-13,2026-01-06,4008031,196,0,0,20449.13775510204,993651,45,9.14834949996878,0,0,0,0,7.59,3,0,6.4592789302303935,1,Money Laundering,Layering,RULE_001,Multiple suspicious transaction patterns detected.,High-value structured transactions across multiple accounts,1361638,0,821761,Patrick Blanchard,AML Analyst,001-622-545-4749x23663,Pending,2,Low,0,
SAR00340,2026-01-16,Global Trust Bank,"Klein, Moore and Zimmerman",Mcclureberg,Federal Reserve,+1-907-211-2540,0,CUST00340,Desiree Ray,VFNG12402501858411,1970-03-28,Business Owner,Corporate,Medium,11,"USS Kim
FPO AP 99638",UK,2026-02-07,2026-01-08,3961558,119,0,0,33290.403361344535,2152907,43,9.28014236729381,0,0,0,0,9.84,0,0,4.578049325592066,1,Terror Financing,Layering,RULE_001,Multiple suspicious transaction patterns detected.,High-value structured transactions across multiple accounts,1407846,1,233732,Cody Wilson,AML Analyst,001-901-916-4263x289,Rejected,2,Low,0,
SAR00341,2026-01-02,Unity Financial Services,"Lynch, Miller and Caldwell",Thomaschester,NCUA,001-277-609-4795x275,0,CUST00341,John Jimenez,DXXK88866752184256,1921-05-25,Doctor,Corporate,Low,6,"823 Brian Hills
East Joseph, TX 69226",Singapore,2026-01-01,2026-01-01,2338697,131,0,0,17852.648854961833,1852199,4,5.456686649686348,0,0,0,0,5.21,3,0,3.3568240064284174,0,Terror Financing,Mule Network,RULE_089,Multiple suspicious transaction patterns detected.,High-value structured transactions across multiple accounts,1274003,0,360108,Michael Andersen,AML Analyst,760-862-5096,Approved,2,Low,0,
SAR00342,2026-01-25,Global Trust Bank,"Simmons, Boone and Cherry",West Summer,NCUA,(292)700-3089x517,0,CUST00342,Courtney Barnett,HQND76008150449120,2018-08-06,Trader,Individual,High,12,"8693 Barbara Course Apt. 732
North Justin, KY 57811",India,2026-01-30,2026-01-24,3659250,113,0,0,32382.743362831858,756972,36,1.6684857820557764,1,1,1,0,6.83,4,0,5.694972585185759,1,Terror Financing,Layering,RULE_001,Multiple suspicious transaction patterns detected.,High-value structured transactions across multiple accounts,2559406,1,179613,Makayla Griffith,AML Analyst,521.902.6653,Approved,7,High,1,
SAR00343,2026-01-12,Global Trust Bank,Morton-Mcdonald,Ibarramouth,FDIC,001-920-771-2968x000,1,CUST00343,Jennifer Frazier,JFOY99467584673302,1933-05-02,Trader,Corporate,Medium,2,"964 Obrien View
Arthurside, FM 64236",India,2026-02-09,2026-01-14,2004085,146,0,0,13726.609589041096,1994690,33,9.856007339528004,0,0,0,0,7.99,2,0,3.8283339476843525,1,Account Takeover,Structuring,RULE_089,Multiple suspicious transaction patterns detected.,High-value structured transactions across multiple accounts,1159125,0,263195,Tina Mckee,AML Analyst,545-805-9722,Pending,2,Low,0,
SAR00344,2026-02-05,Secure National Bank,Trujillo-Michael,Contrerasland,NCUA,7376179903,0,CUST00344,Stacey Walton,CZQC90006664872017,2011-01-04,Trader,Individual,Medium,8,"02099 Schmidt Ridge
New Marcus, ID 83789",Singapore,2026-01-25,2026-02-08,1769688,110,1,0,16088.072727272727,244647,10,9.404971985130107,1,1,0,1,0.04,1,0,7.913629191228859,0,Account Takeover,Layering,RULE_045,Multiple suspicious transaction patterns detected.,High-value structured transactions across multiple accounts,1076565,0,243019,Alex Garrett,AML Analyst,(737)393-2438x82299,Pending,8,High,1,
SAR00345,2026-01-21,Global Trust Bank,Thomas-Bender,Hodgefurt,FDIC,9274066118,1,CUST00345,Carla Miller MD,QZAU25461059671677,2004-11-28,Business Owner,Individual,High,12,"2707 Chandler Heights
New Kevinhaven, AL 38673",Singapore,2026-01-29,2026-02-05,2823767,79,1,0,35743.88607594937,1342218,42,1.0745055262890812,0,1,1,0,2.65,0,1,7.700212284558287,0,Money Laundering,Smurfing,RULE_001,Multiple suspicious transaction patterns detected.,High-value structured transactions across multiple accounts,1632433,1,291673,Robin Carter,AML Analyst,545-704-3782x08249,Rejected,6,High,1,
SAR00346,2026-01-22,Secure National Bank,Martin and Sons,Lake Darrenstad,NCUA,001-502-615-0925x77721,0,CUST00346,Beverly Ortiz,NXFS48898918700035,1966-03-13,Doctor,Corporate,Low,2,"755 Guzman Prairie Apt. 948
Port Kathryn, OH 79797",UAE,2026-02-04,2026-01-09,2560517,71,0,0,36063.619718309856,2348453,12,7.817289890047594,0,1,0,0,7.09,3,0,0.7006869572118946,1,Terror Financing,Mule Network,RULE_120,Multiple suspicious transaction patterns detected.,High-value structured transactions across multiple accounts,599097,0,446120,Shane Brown,AML Analyst,(675)233-9738,Pending,3,Medium,1,
SAR00347,2026-02-07,Global Trust Bank,Tran Inc,Watkinschester,NCUA,659.307.6159x3007,0,CUST00347,Jamie Lee,PCWJ41808360878612,1970-09-07,Trader,Individual,Low,6,"0347 Michael Way
Deborahmouth, VT 07666",UAE,2026-01-07,2026-01-04,2795353,81,1,0,34510.53086419753,743925,5,4.458866198598078,0,0,0,0,1.74,0,0,5.822374488025863,0,Account Takeover,Smurfing,RULE_120,Multiple suspicious transaction patterns detected.,High-value structured transactions across multiple accounts,1062023,0,532455,Tina Holland,AML Analyst,478-934-2227,Rejected,3,Medium,1,
SAR00348,2026-01-11,Global Trust Bank,"Frederick, Mclaughlin and Morgan",Tammiestad,NCUA,(397)232-7450x21201,0,CUST00348,Paul Alvarado,ZMLU16718585398044,1930-12-29,Business Owner,Individual,High,14,"PSC 9940, Box 8015
APO AA 64039",UK,2026-02-12,2026-01-23,4384845,47,1,0,93294.5744680851,1708728,42,8.136088133673558,0,0,0,0,9.1,1,0,6.4371980632494585,1,Money Laundering,Rapid Movement,RULE_001,Multiple suspicious transaction patterns detected.,High-value structured transactions across multiple accounts,1606110,0,454179,Edward Scott,AML Analyst,001-656-885-6736,Approved,3,Medium,1,
SAR00349,2026-01-12,Unity Financial Services,Suarez Ltd,Laraport,Federal Reserve,3093323714,0,CUST00349,Jennifer Jackson,GWQN37302537651313,1995-08-31,Engineer,Corporate,Medium,2,"PSC 4674, Box 7603
APO AA 02321",Singapore,2026-01-24,2026-02-04,3814821,12,0,0,317901.75,604649,47,9.597457214619693,1,1,1,0,0.2,1,0,0.07463140417219405,0,Account Takeover,Smurfing,RULE_089,Multiple suspicious transaction patterns detected.,High-value structured transactions across multiple accounts,1730448,1,506639,Brian Gill,AML Analyst,2452221649,Approved,7,High,1,
SAR00350,2026-01-29,Secure National Bank,Mccoy-Hart,South Audreychester,Federal Reserve,892-734-1900,0,CUST00350,Ms. Denise Jackson,IAGV63247075990634,2015-08-24,Business Owner,Individual,Low,13,"636 Jessica Keys
Ortegashire, FL 58816",USA,2026-02-08,2026-01-06,2569462,20,0,0,128473.1,393742,26,1.7788405873449964,0,0,0,0,0.69,0,0,0.29169892290743293,0,Money Laundering,Layering,RULE_001,Multiple suspicious transaction patterns detected.,High-value structured transactions across multiple accounts,1348307,0,540469,Ana Melendez,AML Analyst,+1-821-837-4872x56200,Pending,2,Low,0,
SAR00351,2026-01-28,Secure National Bank,Pace PLC,Lake Michael,FDIC,001-912-557-4075,0,CUST00351,Elizabeth Gardner,RYQQ29774231903191,1922-02-25,Trader,Corporate,Low,13,"14709 Jesse Prairie
Laurieland, NM 08626",USA,2026-01-11,2026-01-23,3916372,43,0,0,91078.41860465116,2383656,26,4.41503923281175,0,1,0,1,7.19,3,0,2.50340267381386,1,Fraud,Layering,RULE_120,Multiple suspicious transaction patterns detected.,High-value structured transactions across multiple accounts,2737680,0,571980,Jonathan Hernandez,AML Analyst,669.382.6651,Approved,5,Medium,1,
SAR00352,2026-02-08,Secure National Bank,Brown-Davis,Romanchester,FDIC,515.275.0326,0,CUST00352,Hannah Anthony,WMOG80590456079417,1983-08-15,Business Owner,Individual,Low,4,"39692 Elizabeth Inlet Apt. 600
East Walterchester, SD 09944",Singapore,2026-01-23,2026-02-11,1581845,26,0,1,60840.192307692305,993722,23,4.56508855341533,0,0,0,0,4.59,1,0,4.0633223096376785,0,Money Laundering,Layering,RULE_089,Multiple suspicious transaction patterns detected.,High-value structured transactions across multiple accounts,1195797,1,198801,Elaine Clements,AML Analyst,(339)855-8706x355,Pending,2,Low,0,
SAR00353,2026-02-01,Global Trust Bank,Rivera-Harvey,West Rebecca,NCUA,8818887234,1,CUST00353,Carla Fox,SKMG24667327829732,1960-11-03,Engineer,Corporate,Medium,11,"282 Chambers Village Suite 386
Port Austinville, WY 98631",USA,2026-01-09,2026-01-23,987014,124,0,0,7959.790322580645,799042,6,3.587557620212738,0,0,0,0,4.3,0,0,2.894363680300219,0,Money Laundering,Smurfing,RULE_089,Multiple suspicious transaction patterns detected.,High-value structured transactions across multiple accounts,481440,1,1441,Jessica Williams,AML Analyst,425-668-2341,Pending,0,Low,0,
SAR00354,2026-01-09,Global Trust Bank,"Cohen, Pittman and Jordan",South Stephanie,FDIC,710.304.2619,0,CUST00354,Erika Guerrero,QVYC17708948925466,1975-03-05,Consultant,Individual,Low,3,"5078 Justin Villages
Angelaside, OK 19370",UK,2026-01-08,2026-01-10,3647891,81,0,0,45035.69135802469,1589424,2,0.2466995454048715,0,0,0,0,5.33,2,0,6.352649873590809,0,Money Laundering,Layering,RULE_001,Multiple suspicious transaction patterns detected.,High-value structured transactions across multiple accounts,820541,0,1012360,Cathy Robinson,AML Analyst,+1-903-806-9200x49042,Pending,2,Low,0,
SAR00355,2026-01-13,Global Trust Bank,Nash Inc,Josephstad,Federal Reserve,769-205-1727x572,1,CUST00355,Charles Adams,YXYF94698951456277,1958-05-31,Engineer,Individual,Medium,9,"002 Tina Loop
Janefort, GU 45673",Singapore,2026-01-10,2026-01-20,525112,196,1,1,2679.1428571428573,59943,2,2.688569129041717,0,0,0,0,4.08,4,0,0.3151304308221159,0,Money Laundering,Rapid Movement,RULE_089,Multiple suspicious transaction patterns detected.,High-value structured transactions across multiple accounts,143336,0,141626,Kimberly Lopez,AML Analyst,890-497-9337x8315,Pending,1,Low,0,
SAR00356,2026-01-27,Global Trust Bank,Romero-Diaz,Thompsonland,Federal Reserve,001-204-475-1524,1,CUST00356,Eric Mathews,DMEE88687569282635,1974-02-14,Engineer,Corporate,Low,12,"300 Paul Park
New Johnborough, MP 14969",India,2026-01-01,2026-02-01,1672832,69,0,0,24243.942028985508,1618161,6,5.2023196050402545,0,0,0,0,6.72,2,0,8.13710270757308,1,Fraud,Structuring,RULE_001,Multiple suspicious transaction patterns detected.,High-value structured transactions across multiple accounts,552472,0,485895,Andrew Martin,AML Analyst,507-320-5549x9319,Approved,2,Low,0,
SAR00357,2026-01-12,Global Trust Bank,"Baldwin, Farley and Valentine",Cheyennechester,Federal Reserve,+1-943-692-6329x3145,0,CUST00357,Victoria Henderson,ZXUS14166076498650,1917-01-06,Student,Corporate,High,2,"834 Jennifer Motorway Suite 545
Lake Rebeccastad, VI 59913",UK,2026-01-01,2026-01-29,4678802,73,1,0,64093.17808219178,4437482,27,1.4990925324713966,1,0,1,1,1.43,1,0,6.659471660804642,0,Account Takeover,Structuring,RULE_120,Multiple suspicious transaction patterns detected.,High-value structured transactions across multiple accounts,3245191,0,760794,Brian Garcia,AML Analyst,001-766-497-7132,Rejected,9,High,1,
SAR00358,2026-01-23,Secure National Bank,"Miranda, Kennedy and Harrell",West Jennifer,Federal Reserve,001-829-354-0041x526,1,CUST00358,Collin Jennings,RVTB65271280094364,1942-04-03,Trader,Individual,Low,3,"686 Huff Summit Suite 277
Nolanchester, NV 61263",Singapore,2026-01-19,2026-02-09,3960966,65,1,0,60937.93846153846,1463835,25,5.032204148586344,0,0,0,0,1.49,0,0,6.131162390692415,0,Fraud,Mule Network,RULE_045,Multiple suspicious transaction patterns detected.,High-value structured transactions across multiple accounts,1165800,1,615968,Brandon Robertson,AML Analyst,865.370.3253x4948,Pending,3,Medium,1,
SAR00359,2026-01-27,Unity Financial Services,"Adams, Mcdonald and Thompson",North Andrew,NCUA,9822498323,1,CUST00359,Stuart Cortez,OQPD51694284692458,1957-10-20,Student,Individual,High,7,"9227 Guy Forest Suite 793
Lake Justin, NC 94405",Singapore,2026-02-01,2026-02-01,2609902,189,0,0,13809.005291005291,1328957,3,6.223029790740262,1,1,0,1,8.15,3,0,9.630941308978025,1,Account Takeover,Mule Network,RULE_120,Multiple suspicious transaction patterns detected.,High-value structured transactions across multiple accounts,1958801,1,61914,Joanne Berg,AML Analyst,+1-944-717-4068x705,Pending,7,High,1,
SAR00360,2026-01-25,Global Trust Bank,Vasquez-Khan,Pooleborough,FDIC,001-325-326-9128x06300,1,CUST00360,Martin Jones,EMJD55788834104667,2014-09-19,Consultant,Individual,Medium,2,"2451 Powell Green Suite 679
Marthaburgh, MP 58024",UAE,2026-01-07,2026-01-11,1419119,132,0,0,10750.901515151516,395732,32,7.88913962965867,0,0,0,0,2.36,0,0,8.665956885955035,0,Terror Financing,Rapid Movement,RULE_001,Multiple suspicious transaction patterns detected.,High-value structured transactions across multiple accounts,789236,0,182019,Maurice Wilson,AML Analyst,001-810-309-3403x86811,Approved,2,Low,0,
SAR00361,2026-01-16,Unity Financial Services,"Gonzalez, Bailey and Alexander",Christopherton,FDIC,394.493.7789x90274,0,CUST00361,Eric Washington,YASI18551099183012,1929-10-20,Consultant,Corporate,Medium,7,"51826 Todd Port Suite 941
Hillfurt, AK 15498",USA,2026-01-14,2026-02-03,4854617,33,0,0,147109.60606060605,4538910,14,5.813210197250534,0,1,0,0,5.84,4,0,3.3861122911263255,0,Fraud,Mule Network,RULE_089,Multiple suspicious transaction patterns detected.,High-value structured transactions across multiple accounts,1132386,0,856212,Paul Thompson,AML Analyst,291-484-8320,Pending,3,Medium,1,
SAR00362,2026-01-02,Global Trust Bank,Smith-Williams,Tyronestad,FDIC,607.262.8095x942,0,CUST00362,Joseph Chapman,ZODH60248533329804,1964-10-28,Student,Individual,Low,10,"2971 Gary Extension Suite 156
Tylerburgh, AR 62382",Singapore,2026-02-10,2026-01-30,2182040,23,0,0,94871.30434782608,245346,6,7.939550847155906,0,0,0,0,1.07,1,0,1.7053804889822588,0,Money Laundering,Mule Network,RULE_089,Multiple suspicious transaction patterns detected.,High-value structured transactions across multiple accounts,1022090,0,451409,Joseph Nelson,AML Analyst,600.434.3559,Rejected,2,Low,0,
SAR00363,2026-01-24,Global Trust Bank,Guerrero-Hamilton,Melendezstad,Federal Reserve,001-697-867-9940x581,0,CUST00363,Catherine Holland,AAVM82483571544283,1944-01-26,Business Owner,Individual,High,12,"58753 John Grove
Lynnbury, WA 91002",UAE,2026-01-16,2026-01-28,4004143,16,0,0,250258.9375,2760362,49,6.723618579321943,0,0,0,0,1.84,2,0,6.640330331113176,0,Fraud,Rapid Movement,RULE_001,Multiple suspicious transaction patterns detected.,High-value structured transactions across multiple accounts,1371563,0,343663,Stephen Mosley,AML Analyst,+1-474-816-3456,Pending,2,Low,0,
SAR00364,2026-01-22,Unity Financial Services,Anderson-Hansen,North Jamieborough,FDIC,001-647-615-5832,0,CUST00364,Melissa Merritt,HEQS13172145508393,2005-07-21,Trader,Individual,Low,1,"913 Michael Walk Suite 047
West Calebborough, ND 03243",UAE,2026-02-12,2026-02-15,4562612,179,0,1,25489.45251396648,4214689,14,6.833263626277299,0,0,0,0,4.29,2,1,5.192069746034601,0,Fraud,Smurfing,RULE_001,Multiple suspicious transaction patterns detected.,High-value structured transactions across multiple accounts,1554126,0,169306,Linda Cannon,AML Analyst,234.585.7433x93459,Rejected,2,Low,0,
SAR00365,2026-01-01,Unity Financial Services,Hopkins-Abbott,East Nicolestad,FDIC,992.307.2864,0,CUST00365,Anthony Johnson,ULND89083030274503,1974-01-28,Student,Individual,High,10,"2530 Sims Camp
Greenhaven, OH 87408",UAE,2026-02-12,2026-02-01,1655522,29,0,1,57086.96551724138,1052738,32,0.3465070981401708,0,0,0,0,4.94,2,1,5.280680809320789,0,Account Takeover,Rapid Movement,RULE_089,Multiple suspicious transaction patterns detected.,High-value structured transactions across multiple accounts,531834,0,190412,Arthur Ibarra,AML Analyst,688.664.9670x86317,Pending,2,Low,0,
SAR00366,2026-01-26,Secure National Bank,"Vargas, Ellis and Oconnor",Cynthiaberg,Federal Reserve,001-652-861-8774,0,CUST00366,Kelly Burke,RAIC55632648995332,1978-08-09,Business Owner,Individual,Low,2,"03825 Jamie Fords Apt. 946
New Mitchell, ME 41175",USA,2026-01-08,2026-02-15,263480,104,0,0,2533.4615384615386,255845,23,1.1515578740287036,0,0,0,0,2.01,4,0,6.205568470234586,0,Terror Financing,Structuring,RULE_120,Multiple suspicious transaction patterns detected.,High-value structured transactions across multiple accounts,153611,0,8853,Amber Johnson,AML Analyst,(251)286-7276x8703,Pending,0,Low,0,
SAR00367,2026-01-18,Secure National Bank,Richardson-Roberts,South Rebecca,NCUA,291.755.0258x62527,1,CUST00367,Brendan Myers,YWPY35543983781519,1941-08-22,Engineer,Individual,Medium,12,"99469 Kelly Centers Suite 036
Skinnerfort, ND 78632",UAE,2026-01-10,2026-02-08,2662179,198,1,0,13445.348484848484,13314,8,8.759330221862049,0,0,0,0,5.12,1,0,5.402172667786186,0,Fraud,Structuring,RULE_001,Multiple suspicious transaction patterns detected.,High-value structured transactions across multiple accounts,612816,0,149625,Sydney Kane,AML Analyst,488.687.1048x655,Pending,3,Medium,1,
SAR00368,2026-02-10,Unity Financial Services,"Osborne, Woods and Ochoa",Tonyaborough,NCUA,001-653-395-9577x396,1,CUST00368,Kevin Contreras,HVNU12805139207411,1963-01-20,Engineer,Individual,High,2,"619 Smith Lodge Suite 266
Port Nicolechester, IA 39944",Singapore,2026-02-10,2026-01-23,2900018,19,0,0,152632.52631578947,1353818,48,8.360789007952809,0,1,0,0,4.07,2,0,0.5282589390860248,0,Money Laundering,Smurfing,RULE_120,Multiple suspicious transaction patterns detected.,High-value structured transactions across multiple accounts,1668974,0,727707,Michael Stevens,AML Analyst,934.631.6807x908,Rejected,3,Medium,1,
SAR00369,2026-01-26,Global Trust Bank,"Jones, Lopez and Garcia",Emilyburgh,FDIC,(689)993-7068,0,CUST00369,Joseph Smith,ADRI54101083303457,1918-10-18,Trader,Corporate,Low,14,"1653 Smith Crescent Apt. 133
Kellyfort, IL 58346",UAE,2026-02-08,2026-01-22,1056341,71,0,0,14878.042253521127,369939,36,5.716788783497385,0,0,0,0,5.08,3,0,3.6009963078211324,0,Account Takeover,Mule Network,RULE_089,Multiple suspicious transaction patterns detected.,High-value structured transactions across multiple accounts,268197,0,29318,Michael Collins,AML Analyst,936-608-6568,Pending,2,Low,0,
SAR00370,2026-01-04,Unity Financial Services,Johnson Ltd,Brooksbury,NCUA,399-772-7822x751,0,CUST00370,Timothy Powers,ZONO07270625294321,2010-12-26,Doctor,Corporate,Low,14,"571 Wilson Mill Suite 339
West Kathleen, FL 96442",USA,2026-01-30,2026-01-07,997206,28,1,0,35614.5,152776,18,8.421937308731145,0,1,0,1,0.9,4,1,4.022604136835421,0,Terror Financing,Mule Network,RULE_089,Multiple suspicious transaction patterns detected.,High-value structured transactions across multiple accounts,230089,0,36892,Charles Williams,AML Analyst,555.650.9091,Rejected,4,Medium,1,
SAR00371,2026-02-10,Unity Financial Services,Lewis-Mora,Johnsonbury,FDIC,276.668.5393,0,CUST00371,Natalie Coffey,IETQ35840529855285,2000-06-17,Engineer,Individual,High,7,"218 Alexis Gardens Suite 349
Thompsonshire, SC 95616",India,2026-01-21,2026-01-22,4731234,104,0,0,45492.63461538462,1878200,34,1.5341288238908801,0,0,0,0,1.51,1,0,3.6672190859379903,0,Account Takeover,Rapid Movement,RULE_001,Multiple suspicious transaction patterns detected.,High-value structured transactions across multiple accounts,1246599,0,172271,Susan Huff,AML Analyst,001-667-415-0503,Pending,2,Low,0,
SAR00372,2026-01-17,Unity Financial Services,Jones and Sons,Port Danielville,FDIC,380.419.4284,1,CUST00372,Corey Castro,VZED00463230567837,2003-04-15,Student,Individual,High,7,"0585 Robertson Manor
Port Christopherbury, ID 44128",USA,2026-01-24,2026-02-06,1890190,160,0,1,11813.6875,235596,3,5.011627314574904,0,0,0,0,1.59,3,0,6.658308276518625,0,Money Laundering,Mule Network,RULE_045,Multiple suspicious transaction patterns detected.,High-value structured transactions across multiple accounts,622454,0,413504,Tonya Benton,AML Analyst,(484)956-9369,Approved,2,Low,0,
SAR00373,2026-01-30,Unity Financial Services,"Burnett, Richardson and Sullivan",Lake Haydenfort,Federal Reserve,+1-359-642-1713,0,CUST00373,Kenneth Howard,YTVU65684764979227,1942-12-08,Engineer,Corporate,Medium,3,"148 Nixon Field
Wattsport, MA 49297",UAE,2026-01-18,2026-02-05,4700154,45,1,0,104447.86666666667,3319479,45,7.974205539416643,0,0,0,0,4.64,2,0,0.3722170456932916,0,Money Laundering,Smurfing,RULE_120,Multiple suspicious transaction patterns detected.,High-value structured transactions across multiple accounts,3527749,0,1397001,Darin Sanchez,AML Analyst,(250)331-9414x90517,Pending,3,Medium,1,
SAR00374,2026-02-12,Secure National Bank,"Warner, Carlson and Garcia",Lake Ariel,Federal Reserve,+1-519-382-6087,1,CUST00374,Kyle Hubbard,PDXY77252386821197,1935-08-01,Engineer,Individual,Medium,11,"49850 Michelle Freeway Apt. 430
Gomezbury, KS 52307",Singapore,2026-01-05,2026-02-14,1440986,34,0,1,42381.94117647059,665501,3,1.9057604651719384,0,0,0,0,0.51,2,0,3.5000686847317874,0,Money Laundering,Structuring,RULE_001,Multiple suspicious transaction patterns detected.,High-value structured transactions across multiple accounts,1090860,0,237508,Keith Bennett,AML Analyst,(906)772-6942,Approved,2,Low,0,
SAR00375,2026-02-11,Secure National Bank,"Carpenter, Russo and Watkins",Josephhaven,NCUA,687-809-6978x15480,0,CUST00375,Kara Manning,FLSJ01349802332676,1997-07-27,Consultant,Individual,Medium,14,"453 Jorge Ports
Nicholasville, GU 81196",UK,2026-01-18,2026-01-26,1655870,105,0,1,15770.190476190477,1528445,33,8.436805296649776,0,0,0,0,5.63,2,0,5.688127364338729,0,Account Takeover,Smurfing,RULE_120,Multiple suspicious transaction patterns detected.,High-value structured transactions across multiple accounts,1193276,0,480164,Brian Delgado,AML Analyst,(974)777-1160,Pending,2,Low,0,
SAR00376,2026-01-11,Secure National Bank,Thomas LLC,Elliotthaven,NCUA,868-720-9384,1,CUST00376,John Rose,YKWQ37394128952092,1931-04-14,Doctor,Individual,Low,8,"17188 Miranda Flat Apt. 348
Donnashire, NM 00644",UK,2026-01-13,2026-01-15,896255,91,1,0,9848.956043956045,135466,7,7.178705805519286,0,0,0,0,2.94,1,0,0.2170009527554162,0,Money Laundering,Structuring,RULE_089,Multiple suspicious transaction patterns detected.,High-value structured transactions across multiple accounts,518674,0,152077,Justin Herrera,AML Analyst,001-722-782-4999x1651,Pending,1,Low,0,
SAR00377,2026-02-07,Secure National Bank,Kelly PLC,Cynthiafurt,FDIC,206-688-3514x88323,1,CUST00377,Joshua Williams,HEDO98974870082690,1955-02-28,Business Owner,Individual,Medium,13,"92801 Gonzalez Terrace
Lake Melissa, ND 56691",UAE,2026-01-25,2026-01-27,662191,38,0,0,17426.07894736842,295655,15,8.087994445011507,0,0,0,0,6.71,4,0,5.619481099932393,1,Account Takeover,Layering,RULE_001,Multiple suspicious transaction patterns detected.,High-value structured transactions across multiple accounts,257419,0,136081,David Garcia,AML Analyst,(207)700-9370,Rejected,0,Low,0,
SAR00378,2026-01-26,Global Trust Bank,Pierce PLC,Tiffanyview,FDIC,483-950-1842x903,0,CUST00378,Joel Turner,YEYX23383764725881,1943-02-18,Student,Corporate,High,9,"31303 Tiffany Hollow Suite 149
South Kyle, IL 75076",India,2026-02-06,2026-02-09,2656788,69,0,1,38504.17391304348,2373787,47,0.8147389771294189,0,0,0,0,4.09,3,1,7.171814470467577,0,Account Takeover,Layering,RULE_120,Multiple suspicious transaction patterns detected.,High-value structured transactions across multiple accounts,1389119,0,193779,Kevin Carlson,AML Analyst,(678)357-5188x28546,Pending,2,Low,0,
SAR00379,2026-01-08,Global Trust Bank,Rodriguez and Sons,New Andrew,Federal Reserve,001-329-585-0470x572,1,CUST00379,Brendan Henderson,LIEL53186898489292,1968-03-24,Trader,Individual,Low,7,"6151 Wilson Causeway
Carlymouth, WI 22309",UK,2026-01-24,2026-01-17,1155311,133,0,0,8686.54887218045,1025021,4,9.00312239574491,0,0,0,0,6.72,2,0,2.736663849214577,1,Fraud,Smurfing,RULE_089,Multiple suspicious transaction patterns detected.,High-value structured transactions across multiple accounts,910388,0,245990,Julie Ward,AML Analyst,+1-651-903-9232x9862,Pending,2,Low,0,
SAR00380,2026-01-24,Global Trust Bank,"Adams, Martinez and Stevens",Shannonmouth,Federal Reserve,774.882.4505x3631,1,CUST00380,Alejandro Oliver,VVWX51104989536108,1997-10-17,Consultant,Corporate,Low,2,"7714 Angel Islands
Richardborough, HI 23306",India,2026-01-09,2026-02-06,2700563,11,0,0,245505.72727272726,1805831,39,9.207708496360754,1,1,1,0,4.66,0,0,5.821448028147421,0,Fraud,Structuring,RULE_120,Multiple suspicious transaction patterns detected.,High-value structured transactions across multiple accounts,1118201,0,408097,Shannon Pennington,AML Analyst,(279)460-9344,Pending,7,High,1,
SAR00381,2026-01-01,Secure National Bank,"Daniel, Hill and Sanchez",Christopherfurt,NCUA,001-476-922-5553x78003,1,CUST00381,Ryan Washington,BFGV77433467101547,1973-09-10,Doctor,Corporate,Low,5,"Unit 6940 Box 2222
DPO AP 30380",India,2026-01-13,2026-01-03,937196,27,0,0,34710.96296296296,799335,48,6.774633542399734,0,0,0,0,5.81,4,1,1.7367163695433985,0,Money Laundering,Layering,RULE_045,Multiple suspicious transaction patterns detected.,High-value structured transactions across multiple accounts,575534,0,250810,Diana Mcdaniel,AML Analyst,947-482-5331,Rejected,0,Low,0,
SAR00382,2026-01-19,Secure National Bank,Saunders Group,Marshton,Federal Reserve,696-933-7461,0,CUST00382,Brian Sanchez,ABWH83528835750450,1997-01-13,Consultant,Individual,Medium,12,"215 Rice Mall Suite 105
Lake Virginia, MP 18406",UK,2026-02-04,2026-01-04,2337127,71,0,0,32917.281690140844,1931252,39,2.7976693088704083,0,0,0,0,4.14,2,0,2.7789112598775603,0,Account Takeover,Mule Network,RULE_089,Multiple suspicious transaction patterns detected.,High-value structured transactions across multiple accounts,1166024,0,308923,Joel Maxwell,AML Analyst,606-307-6759x92947,Pending,2,Low,0,
SAR00383,2026-01-25,Unity Financial Services,"Logan, Morales and Rogers",Kennethland,NCUA,(817)751-3413x31052,1,CUST00383,Jessica Lee,XQKM02120553098803,1931-10-02,Consultant,Individual,Medium,12,"26848 Meyer Trace Apt. 756
Christopherhaven, MS 22802",UK,2026-01-21,2026-01-05,2647800,68,1,0,38938.23529411765,2604546,29,5.830676844221436,0,0,0,0,5.23,4,0,2.052200872940718,0,Fraud,Layering,RULE_120,Multiple suspicious transaction patterns detected.,High-value structured transactions across multiple accounts,830645,0,247045,Christopher Ryan,AML Analyst,673.233.6030x18361,Pending,3,Medium,1,
SAR00384,2026-01-11,Secure National Bank,Wilson Group,Terryfurt,FDIC,001-724-682-4062x123,1,CUST00384,Christine Cannon,HUWR21813929854884,1937-04-04,Consultant,Corporate,Low,8,"65824 Black Mill
West Robertfort, MO 90792",Singapore,2026-01-29,2026-02-03,3768302,150,1,0,25122.013333333332,1988438,32,2.6941788932957165,0,0,0,0,3.36,0,0,7.844056656084001,0,Money Laundering,Layering,RULE_001,Multiple suspicious transaction patterns detected.,High-value structured transactions across multiple accounts,1868089,0,830641,Andres Burgess,AML Analyst,380.216.3072,Pending,3,Medium,1,
SAR00385,2026-01-19,Unity Financial Services,"Carney, Hopkins and Hester",Mcmahonland,FDIC,+1-530-669-3893x41569,0,CUST00385,Jennifer Decker,TUAG88089310698065,2013-07-22,Student,Corporate,High,2,"8821 Donaldson Freeway Apt. 999
Williamstad, VT 42218",UAE,2026-02-07,2026-01-26,2478592,80,1,0,30982.4,1456508,28,6.178666544120367,1,1,0,1,2.52,3,0,9.994678942025802,0,Money Laundering,Mule Network,RULE_120,Multiple suspicious transaction patterns detected.,High-value structured transactions across multiple accounts,1421288,0,214272,Robert Carter,AML Analyst,+1-530-803-8949,Rejected,8,High,1,
SAR00386,2026-01-30,Unity Financial Services,Sellers-Guzman,East Krystalport,FDIC,9939741528,0,CUST00386,Patricia Fuller,HZBL50939445340470,1944-05-16,Student,Individual,Medium,12,"598 Rowland Cove
Hallmouth, MO 58205",Singapore,2026-01-04,2026-01-09,3292281,126,0,0,26129.214285714286,2821112,23,9.06653296951999,0,0,0,0,4.06,3,0,8.831930529236086,0,Money Laundering,Mule Network,RULE_001,Multiple suspicious transaction patterns detected.,High-value structured transactions across multiple accounts,2531497,0,693675,Ebony Brown,AML Analyst,(242)884-9584x28981,Rejected,2,Low,0,
SAR00387,2026-01-27,Unity Financial Services,Gardner and Sons,West Aliciafurt,NCUA,(707)558-9800x11002,1,CUST00387,Emma Tapia,YBDB58982792325576,1989-10-08,Student,Individual,Low,4,"88354 Torres Village Suite 690
West Elizabeth, OR 73168",UK,2026-01-23,2026-01-28,4901986,191,0,1,25664.84816753927,1891522,49,7.663512805573902,0,0,0,0,6.48,2,0,5.17131892010638,1,Terror Financing,Layering,RULE_045,Multiple suspicious transaction patterns detected.,High-value structured transactions across multiple accounts,1324706,0,186578,Sarah Sutton,AML Analyst,433-672-2448,Pending,2,Low,0,
SAR00388,2026-02-08,Global Trust Bank,Wright and Sons,Burnsfort,Federal Reserve,001-697-272-0242x61118,1,CUST00388,Jeffrey Howard,XTOZ89013450074241,2023-02-27,Consultant,Individual,High,12,"16905 Gray Glen Apt. 069
Ericberg, GA 76915",UK,2026-02-07,2026-02-14,310745,185,0,0,1679.7027027027027,77178,19,9.704385488840973,0,0,0,0,4.92,2,0,0.6579821779523898,0,Terror Financing,Layering,RULE_089,Multiple suspicious transaction patterns detected.,High-value structured transactions across multiple accounts,193777,0,36233,Jeremy Thompson,AML Analyst,(235)878-6326,Approved,0,Low,0,
SAR00389,2026-01-23,Unity Financial Services,Trujillo-Carter,Marialand,Federal Reserve,001-841-316-7764x15344,0,CUST00389,David Johnson,IUUA88423284927139,1961-02-19,Business Owner,Corporate,High,3,"622 Miller Orchard
North Christineview, ID 80331",UK,2026-01-22,2026-02-13,2963963,28,0,1,105855.82142857143,853182,25,1.4522501991524905,0,0,0,0,6.08,1,0,8.07625869562975,1,Fraud,Smurfing,RULE_120,Multiple suspicious transaction patterns detected.,High-value structured transactions across multiple accounts,1964763,1,759825,Nancy Gardner,AML Analyst,4515592283,Pending,2,Low,0,
SAR00390,2026-02-11,Unity Financial Services,Smith PLC,New Carla,NCUA,319-274-9584,0,CUST00390,Caleb Townsend,YEYU15928228218538,2012-09-17,Student,Corporate,Low,11,"3636 Bauer Forest
Heatherstad, VI 54511",UK,2026-01-11,2026-01-17,4567272,144,0,1,31717.166666666668,1096014,11,5.084790353080261,0,0,0,0,7.27,0,0,4.716987668912095,1,Terror Financing,Layering,RULE_001,Multiple suspicious transaction patterns detected.,High-value structured transactions across multiple accounts,3543610,0,1243783,Janet Henry,AML Analyst,001-238-773-4563x4641,Pending,2,Low,0,
SAR00391,2026-01-17,Unity Financial Services,Richardson-Wolfe,East Tamara,Federal Reserve,(647)261-0191,1,CUST00391,Kimberly Perry,FGWP98945157493250,1986-04-09,Trader,Corporate,Medium,3,"74241 Eric Tunnel
Mahoneyshire, MO 65599",Singapore,2026-01-11,2026-02-08,4680195,23,0,1,203486.73913043478,573933,8,8.416154597578153,0,0,0,0,9.26,4,0,6.6931541636350165,1,Account Takeover,Mule Network,RULE_120,Multiple suspicious transaction patterns detected.,High-value structured transactions across multiple accounts,3430411,0,852225,Maria Moore,AML Analyst,+1-674-224-6528x760,Pending,2,Low,0,
SAR00392,2026-01-22,Global Trust Bank,"Ward, Doyle and Hernandez",Randallstad,FDIC,(252)255-1418,0,CUST00392,Jennifer Long,KPGQ09843679002447,1971-11-03,Consultant,Individual,High,2,"582 Lori Mountain
Codychester, WV 54031",USA,2026-02-02,2026-02-10,1204728,61,1,1,19749.639344262294,189484,28,5.190216935785558,1,0,1,1,3.17,4,0,0.2589607024948515,0,Account Takeover,Structuring,RULE_120,Multiple suspicious transaction patterns detected.,High-value structured transactions across multiple accounts,447107,0,578,Daniel Rodriguez,AML Analyst,694.797.8281,Approved,9,High,1,
SAR00393,2026-01-25,Unity Financial Services,"Underwood, Miller and Gonzalez",East Michael,Federal Reserve,001-451-609-3597,0,CUST00393,Stacey Cortez,DHDH16986934593350,1964-09-04,Business Owner,Corporate,Medium,1,"80534 Laura Parkways
Amytown, RI 92932",Singapore,2026-01-20,2026-01-25,2371361,57,0,0,41602.82456140351,1218013,25,4.0336430502635325,1,0,0,1,7.48,3,0,0.7787898909129076,1,Money Laundering,Smurfing,RULE_089,Multiple suspicious transaction patterns detected.,High-value structured transactions across multiple accounts,1479924,1,192566,Jeremy Lewis,AML Analyst,550.491.6177,Approved,6,High,1,
SAR00394,2026-01-30,Secure National Bank,"Phelps, Hayes and Crawford",East Nancy,FDIC,(240)886-6012x1356,0,CUST00394,Steven Brown,HYOI89951166583479,1996-04-07,Doctor,Individual,Low,10,"4000 Crawford Gardens
Stevenfort, WV 81989",UAE,2026-01-19,2026-02-04,2418911,135,1,0,17917.859259259258,15514,33,9.125993455913905,0,0,0,0,4.38,0,0,2.4988760643090013,0,Fraud,Mule Network,RULE_089,Multiple suspicious transaction patterns detected.,High-value structured transactions across multiple accounts,1000824,0,504429,Susan Powell,AML Analyst,(749)522-5747x351,Approved,3,Medium,1,
SAR00395,2026-02-11,Unity Financial Services,Shannon Group,Davisport,FDIC,(715)280-3271x115,1,CUST00395,Natalie Moore,JVJN63906875980458,1957-06-14,Student,Individual,Low,11,"3542 Robinson Knolls
Port Cathy, ME 28872",UK,2026-01-29,2026-01-26,1966328,98,0,1,20064.571428571428,817002,48,9.090625428967314,0,0,0,0,9.02,0,0,5.201348477846849,1,Terror Financing,Mule Network,RULE_120,Multiple suspicious transaction patterns detected.,High-value structured transactions across multiple accounts,953340,0,482886,Craig Davis,AML Analyst,6515807539,Rejected,2,Low,0,
SAR00396,2026-01-06,Secure National Bank,Strong-Bell,South Kristinburgh,Federal Reserve,001-349-719-4469,0,CUST00396,Natasha Morales,YVTS46800237166785,1941-10-13,Student,Individual,Low,13,"517 Michael Spring
North Michael, WI 85308",Singapore,2026-02-15,2026-01-27,2936659,47,0,0,62482.10638297872,204542,23,0.8674863550138157,0,0,0,0,6.73,1,0,4.227025695271728,1,Account Takeover,Layering,RULE_001,Multiple suspicious transaction patterns detected.,High-value structured transactions across multiple accounts,941276,0,462083,Carol Kelley,AML Analyst,(694)949-6150x1472,Pending,2,Low,0,
SAR00397,2026-01-09,Global Trust Bank,Davidson Group,Danielsmouth,Federal Reserve,875.784.4093,0,CUST00397,Tracy Stokes,ESAX04226842448710,1984-02-14,Business Owner,Individual,Low,13,"248 Benton Stravenue
South Sara, WV 01606",UK,2026-02-14,2026-02-04,804458,110,1,0,7313.254545454545,352328,46,1.716781950432169,0,0,0,0,5.56,2,0,5.246723066856223,0,Money Laundering,Smurfing,RULE_045,Multiple suspicious transaction patterns detected.,High-value structured transactions across multiple accounts,469501,0,218860,Barbara Brown,AML Analyst,685-945-3609x5372,Approved,1,Low,0,
SAR00398,2026-01-08,Secure National Bank,Anderson and Sons,South Joshua,FDIC,001-302-711-5190x73343,1,CUST00398,Victor Benson,WWDS80080443852177,1968-10-30,Student,Corporate,High,9,"0414 Sandra Ranch
Bradleyburgh, OH 76325",India,2026-02-08,2026-02-15,3555985,192,0,1,18520.755208333332,2138221,15,7.941345617322724,0,0,0,0,2.68,4,1,8.589805471222201,0,Money Laundering,Layering,RULE_089,Multiple suspicious transaction patterns detected.,High-value structured transactions across multiple accounts,900602,1,342035,Desiree Lin,AML Analyst,784-465-3798,Approved,2,Low,0,
SAR00399,2026-02-04,Unity Financial Services,Jones-Villa,Joshuamouth,FDIC,001-534-873-1738x106,0,CUST00399,Kayla Reed,FBCV41194140536075,1961-09-23,Engineer,Corporate,High,14,"661 Mark Drive Apt. 646
Weisstown, SC 14553",USA,2026-02-12,2026-01-04,4680431,88,1,1,53186.71590909091,1100589,30,1.349784860716421,0,1,1,0,7.57,3,0,2.7914413322230445,1,Fraud,Smurfing,RULE_045,Multiple suspicious transaction patterns detected.,High-value structured transactions across multiple accounts,2751246,1,58473,Stephanie White,AML Analyst,+1-679-980-8367x25575,Approved,6,High,1,
SAR00400,2026-01-20,Unity Financial Services,Jones PLC,Williamshaven,NCUA,364-216-0001,0,CUST00400,Stephen Welch,OHCO66050340417877,2025-07-30,Business Owner,Corporate,Low,6,"5616 Gross Valleys Suite 600
North Sherryfort, NV 37178",UK,2026-01-19,2026-01-02,4388030,28,0,0,156715.35714285713,2617761,2,5.275796224253504,0,0,0,0,8.64,2,0,3.7265712989414723,1,Money Laundering,Layering,RULE_045,Multiple suspicious transaction patterns detected.,High-value structured transactions across multiple accounts,1803593,0,95750,Jesus Johnson Jr.,AML Analyst,9892085620,Pending,2,Low,0,
SAR00401,2026-02-08,Unity Financial Services,Garcia-Proctor,Port Paul,Federal Reserve,001-343-596-5539x23461,0,CUST00401,Jeffery Camacho,OJGP53349111162644,2024-12-29,Doctor,Individual,Medium,14,"USCGC Lloyd
FPO AE 10454",UK,2026-01-02,2026-01-12,4230933,179,0,0,23636.49720670391,1486257,30,2.838781815907132,0,0,0,0,3.59,4,0,0.24859515915794161,0,Money Laundering,Structuring,RULE_120,Multiple suspicious transaction patterns detected.,High-value structured transactions across multiple accounts,856122,0,515843,Laura Lane,AML Analyst,4528568797,Pending,2,Low,0,
SAR00402,2026-01-27,Unity Financial Services,George-Garcia,Rojaschester,Federal Reserve,378.462.6244,1,CUST00402,Brittany Porter,PFBX86058566362682,2000-01-08,Student,Individual,Low,9,"Unit 4036 Box 9234
DPO AP 59613",Singapore,2026-01-28,2026-01-14,1011152,88,1,0,11490.363636363636,698812,19,6.614662053236518,0,0,0,0,2.32,1,0,1.5396323866650385,0,Fraud,Smurfing,RULE_120,Multiple suspicious transaction patterns detected.,High-value structured transactions across multiple accounts,630163,0,142148,John Rangel,AML Analyst,5909018322,Approved,3,Medium,1,
SAR00403,2026-01-24,Secure National Bank,"Suarez, Jefferson and Brooks",Franklinburgh,FDIC,+1-816-294-5571x55101,0,CUST00403,Lynn Klein,GAAG63568147368583,1947-12-08,Trader,Individual,Medium,2,"305 Denise Shoals Suite 381
New Kimberly, OH 67763",Singapore,2026-01-05,2026-01-15,529658,41,1,0,12918.487804878048,8196,17,5.750704190854149,0,0,0,0,5.5,1,0,0.1101335833560746,0,Account Takeover,Rapid Movement,RULE_001,Multiple suspicious transaction patterns detected.,High-value structured transactions across multiple accounts,238336,0,105579,Kimberly Richardson,AML Analyst,903.328.8126,Pending,1,Low,0,
SAR00404,2026-01-20,Unity Financial Services,Cunningham-Robinson,Christineside,NCUA,2212395210,1,CUST00404,Tricia Gibson,YWDR51630891356690,1931-09-08,Trader,Corporate,Medium,10,"90259 Miller Orchard Suite 160
Lindsayhaven, ID 30892",India,2026-01-12,2026-02-15,629588,150,0,0,4197.253333333333,458372,24,9.384476404104076,0,0,0,0,5.7,0,1,6.791716995379929,0,Account Takeover,Structuring,RULE_089,Multiple suspicious transaction patterns detected.,High-value structured transactions across multiple accounts,153899,1,77041,Nicole Harvey,AML Analyst,+1-923-216-5799,Approved,0,Low,0,
SAR00405,2026-02-12,Unity Financial Services,Collins-Walker,Bethhaven,FDIC,(830)621-8659x7370,0,CUST00405,Lisa Johnson,QTPV24575788190484,1955-05-11,Trader,Corporate,High,9,"054 Brian Hills Suite 343
Robertston, NC 46703",Singapore,2026-02-07,2026-02-11,3185863,45,0,0,70796.95555555556,1867870,7,1.7421067507139099,1,1,0,0,5.98,3,0,5.440299652945756,0,Terror Financing,Layering,RULE_045,Multiple suspicious transaction patterns detected.,High-value structured transactions across multiple accounts,1707232,0,583712,Allen Jones,AML Analyst,440-915-2499,Pending,5,Medium,1,
SAR00406,2026-02-02,Unity Financial Services,Smith-Vega,Mcdonaldshire,FDIC,9056894864,0,CUST00406,Carrie Miller,OFCA68470940755334,1970-09-10,Doctor,Corporate,High,4,"6175 Mark Brook Apt. 977
Washingtonland, HI 39176",UAE,2026-02-03,2026-02-13,571819,52,0,0,10996.51923076923,471516,28,8.066858547635796,0,0,1,1,5.88,1,0,2.7441172100037514,0,Money Laundering,Mule Network,RULE_089,Multiple suspicious transaction patterns detected.,High-value structured transactions across multiple accounts,251610,1,161461,Brian Shaw,AML Analyst,275.220.0041x390,Approved,4,Medium,1,
SAR00407,2026-01-17,Secure National Bank,Kramer-Choi,North Shelby,FDIC,870-777-6487,0,CUST00407,Joseph Mcdonald,PZKK43891905894309,1928-10-15,Consultant,Individual,High,13,"USCGC Anderson
FPO AA 28003",USA,2026-01-12,2026-01-25,591470,65,0,0,9099.538461538461,164413,20,3.984787621092144,0,0,0,0,2.86,4,0,5.798053451667961,0,Terror Financing,Smurfing,RULE_045,Multiple suspicious transaction patterns detected.,High-value structured transactions across multiple accounts,341111,0,95004,Dustin Robbins,AML Analyst,(746)238-7886,Rejected,0,Low,0,
SAR00408,2026-02-15,Unity Financial Services,Haynes-Santos,Jenniferchester,NCUA,595.511.2192,0,CUST00408,Angela Olson,NPPN19971326796837,1932-06-16,Consultant,Corporate,High,5,"015 Cowan Greens Suite 885
New Karenbury, MH 50149",Singapore,2026-01-03,2026-02-03,3788112,14,0,0,270579.4285714286,216463,21,5.648414367174266,0,0,0,0,0.55,2,0,0.5471417483363994,0,Terror Financing,Rapid Movement,RULE_045,Multiple suspicious transaction patterns detected.,High-value structured transactions across multiple accounts,1974675,1,679147,Robert Herrera,AML Analyst,001-642-417-5019x87661,Approved,2,Low,0,
SAR00409,2026-02-03,Global Trust Bank,"Russo, Knight and Wilson",Barnetttown,FDIC,(410)660-1710x743,1,CUST00409,Alicia Lee,STAW49343619550609,1966-03-11,Engineer,Corporate,High,8,"620 Rios Wall
Lake Dustinview, MS 74088",USA,2026-02-12,2026-01-08,3408209,38,0,1,89689.71052631579,2732978,10,9.65770443884287,0,0,0,0,1.97,1,0,9.315444071065201,0,Terror Financing,Smurfing,RULE_001,Multiple suspicious transaction patterns detected.,High-value structured transactions across multiple accounts,863660,0,939154,Joseph Warren,AML Analyst,(912)542-4745,Pending,2,Low,0,
SAR00410,2026-01-11,Secure National Bank,"Craig, Curtis and Lopez",Robertchester,Federal Reserve,+1-624-319-9069x88533,0,CUST00410,Luke Brock,HCXQ89353434294881,1921-07-28,Doctor,Corporate,Medium,14,"302 Brian Highway
Smithmouth, VT 81881",Singapore,2026-01-26,2026-01-03,1204217,151,1,1,7974.94701986755,583725,11,1.5939488477140218,0,0,0,0,1.67,1,0,1.9362380979546079,0,Fraud,Smurfing,RULE_089,Multiple suspicious transaction patterns detected.,High-value structured transactions across multiple accounts,541621,0,216401,Mrs. Michelle Williams,AML Analyst,594-265-9507,Approved,3,Medium,1,
SAR00411,2026-01-31,Global Trust Bank,Schmidt Inc,Tammyfurt,FDIC,4326140383,1,CUST00411,Barbara Stark,BPWC61151732504597,1954-07-14,Business Owner,Individual,Medium,10,"787 Taylor Ridges
Michaelbury, WV 77698",UAE,2026-02-04,2026-01-26,847329,115,0,1,7368.078260869565,408311,39,9.084101072685694,1,1,0,0,6.34,1,0,2.3392282077938487,1,Money Laundering,Mule Network,RULE_089,Multiple suspicious transaction patterns detected.,High-value structured transactions across multiple accounts,271466,1,80060,Russell Barker MD,AML Analyst,845-222-2728x50426,Approved,3,Medium,1,
SAR00412,2026-01-05,Global Trust Bank,Ball-Willis,New Davidstad,Federal Reserve,567-797-4215x587,0,CUST00412,Melissa Kelly,WRIM78851372494952,2006-01-30,Engineer,Individual,Medium,10,"708 Isabel Course
Hartport, AZ 60852",UK,2026-02-03,2026-02-14,4077091,81,0,0,50334.456790123455,618794,41,0.8291458139448116,1,1,0,1,7.69,3,0,3.216863687013094,1,Account Takeover,Layering,RULE_089,Multiple suspicious transaction patterns detected.,High-value structured transactions across multiple accounts,1954117,1,1139626,Morgan Adkins,AML Analyst,+1-807-299-7313x539,Rejected,7,High,1,
SAR00413,2026-02-07,Global Trust Bank,Atkins PLC,East Bryan,Federal Reserve,688-913-1178x5566,0,CUST00413,Breanna Torres,WMNV42020351018866,1980-01-09,Consultant,Corporate,High,13,"7242 Barry Rapids Apt. 269
Douglasport, KY 21839",UAE,2026-02-13,2026-02-15,3428788,149,0,0,23012.0,1864234,2,6.59357387278844,1,1,1,1,1.15,1,0,1.9957161589593875,0,Fraud,Structuring,RULE_001,Multiple suspicious transaction patterns detected.,High-value structured transactions across multiple accounts,763490,0,270027,Christine Greer,AML Analyst,001-884-650-5395,Approved,9,High,1,
SAR00414,2026-01-13,Secure National Bank,Duke Ltd,Gloriaville,Federal Reserve,+1-886-852-9893x108,0,CUST00414,Taylor Miller,WFPF93203699382463,1996-02-27,Engineer,Individual,Medium,14,"827 Terry Highway Suite 618
North Alberttown, IN 63264",India,2026-01-23,2026-01-31,2197848,149,0,0,14750.657718120805,1649173,9,4.830662451933026,1,0,1,0,3.79,2,0,9.344107945712148,0,Terror Financing,Rapid Movement,RULE_120,Multiple suspicious transaction patterns detected.,High-value structured transactions across multiple accounts,503479,0,373121,Mary Ryan,AML Analyst,692-519-1729,Rejected,6,High,1,
SAR00415,2026-01-02,Secure National Bank,Lowe-Kennedy,South Peterchester,FDIC,924.674.4975,0,CUST00415,Crystal Vega,YBSD11304822052155,1942-02-02,Consultant,Corporate,Medium,1,"378 Nelson Courts Suite 541
Lake Lisabury, MI 43230",India,2026-01-23,2026-02-02,2131028,129,1,1,16519.596899224805,1728907,12,2.8179164750926597,0,0,0,0,6.54,3,0,4.751708660226282,1,Money Laundering,Rapid Movement,RULE_045,Multiple suspicious transaction patterns detected.,High-value structured transactions across multiple accounts,831858,1,318342,Hunter Walker,AML Analyst,6642574057,Rejected,3,Medium,1,
SAR00416,2026-02-10,Secure National Bank,Parker-Frank,Jenningsborough,Federal Reserve,860-930-2815,1,CUST00416,Glenda Tyler,GXNS15351004105485,2012-01-28,Trader,Individual,Low,14,"USNS Romero
FPO AP 18579",India,2026-01-22,2026-01-28,2470933,129,0,1,19154.51937984496,389083,15,5.663228801665321,1,1,0,0,4.74,3,0,5.407656313005429,0,Terror Financing,Layering,RULE_089,Multiple suspicious transaction patterns detected.,High-value structured transactions across multiple accounts,1498325,1,708648,Sandra Weaver,AML Analyst,001-880-439-8007x3181,Approved,5,Medium,1,
SAR00417,2026-02-10,Global Trust Bank,Wall-Gould,South Tonya,Federal Reserve,(628)701-8117x7012,0,CUST00417,Sarah Cox,KYAD77513813357126,2011-01-10,Consultant,Corporate,Low,4,"128 Anthony Ford
Lake Harry, WA 82409",India,2026-02-01,2026-01-11,940709,191,0,0,4925.178010471204,934099,15,8.706714682143208,0,0,0,0,9.03,4,0,0.7563036383454946,1,Money Laundering,Smurfing,RULE_089,Multiple suspicious transaction patterns detected.,High-value structured transactions across multiple accounts,513851,0,239836,Christian Reese,AML Analyst,(224)235-5728,Approved,0,Low,0,
SAR00418,2026-01-04,Unity Financial Services,Barton-Tucker,North Johnfurt,NCUA,530-953-4185x9320,0,CUST00418,Michelle Faulkner,ILUB56949905985319,1955-08-14,Student,Corporate,Medium,13,"79781 Simmons Cove Apt. 437
Ashleymouth, NH 98233",UAE,2026-02-10,2026-01-13,2690662,194,1,0,13869.39175257732,260539,24,0.3881294781180211,0,1,1,1,4.29,0,0,9.469028994605168,0,Fraud,Mule Network,RULE_089,Multiple suspicious transaction patterns detected.,High-value structured transactions across multiple accounts,926738,0,67303,Gary Thompson,AML Analyst,(424)598-8768,Pending,8,High,1,
SAR00419,2026-01-23,Global Trust Bank,Schultz Group,Brianfurt,FDIC,962.937.8882,1,CUST00419,Chase White,HJVA40555833802698,2023-10-31,Business Owner,Individual,Low,9,"570 Simpson Viaduct Apt. 152
North Jason, WV 72061",UAE,2026-01-20,2026-01-19,839030,109,1,0,7697.522935779816,259289,3,7.057590510369849,0,0,0,0,6.61,2,0,3.871832741559343,1,Terror Financing,Structuring,RULE_045,Multiple suspicious transaction patterns detected.,High-value structured transactions across multiple accounts,342043,1,25492,Kent Murillo,AML Analyst,570.609.2392x03626,Pending,1,Low,0,
SAR00420,2026-02-13,Secure National Bank,Bond-Morales,West Jeffrey,NCUA,(290)919-8320x71141,0,CUST00420,Andrew Bradley,GFYH05114974458590,1936-07-23,Doctor,Individual,Medium,4,"1602 Davis Expressway Apt. 643
East Michael, LA 93576",Singapore,2026-01-12,2026-01-12,2919212,135,0,0,21623.792592592592,1043457,41,2.7967385654644317,0,0,0,0,8.66,0,1,2.281659137509058,1,Money Laundering,Rapid Movement,RULE_001,Multiple suspicious transaction patterns detected.,High-value structured transactions across multiple accounts,1880003,0,752063,Miss Angela Heath,AML Analyst,630.417.1130x888,Rejected,2,Low,0,
SAR00421,2026-01-10,Global Trust Bank,"Houston, Mccann and Vazquez",North Beth,NCUA,001-252-213-0822x003,0,CUST00421,Curtis Kelly,GKXK76326640799351,2010-05-20,Business Owner,Individual,High,12,"4649 Jones Heights
West Cindytown, KS 12644",India,2026-01-24,2026-01-27,4961780,175,0,0,28353.02857142857,1200307,46,6.168847559651816,0,0,0,0,8.09,3,0,8.634300145217672,1,Account Takeover,Mule Network,RULE_120,Multiple suspicious transaction patterns detected.,High-value structured transactions across multiple accounts,3722211,1,228764,Morgan Miller,AML Analyst,746-882-2660x3518,Pending,2,Low,0,
SAR00422,2026-01-31,Unity Financial Services,Owens LLC,Danielstown,FDIC,5249831098,1,CUST00422,Anthony Huang,IOMQ18213343500490,1927-12-13,Consultant,Individual,Low,1,"97901 Mary Valley
West Richardland, CT 36983",India,2026-01-12,2026-01-07,1707424,16,0,1,106714.0,1190560,11,6.46046944096596,0,0,0,0,3.83,3,0,4.8708254432357805,0,Fraud,Mule Network,RULE_001,Multiple suspicious transaction patterns detected.,High-value structured transactions across multiple accounts,1241214,0,476304,Stephanie Gregory,AML Analyst,652.600.8207x422,Rejected,2,Low,0,
SAR00423,2026-01-11,Unity Financial Services,King Group,Port Lawrence,FDIC,592-223-3059x59704,0,CUST00423,Jeffrey Robinson,KMOV48433319505894,1975-11-12,Student,Individual,Medium,13,"Unit 5904 Box 4121
DPO AE 45731",India,2026-01-01,2026-01-13,927229,98,0,1,9461.520408163266,511289,16,8.026562441522199,0,0,0,0,9.11,1,0,1.310146186504656,1,Money Laundering,Smurfing,RULE_001,Multiple suspicious transaction patterns detected.,High-value structured transactions across multiple accounts,519780,0,138407,Heather Hill,AML Analyst,614.865.6068x7305,Pending,0,Low,0,
SAR00424,2026-01-02,Secure National Bank,Rivera Group,Williammouth,Federal Reserve,(760)755-0750x7164,0,CUST00424,Diana Walker,GXAN79845040639081,1940-08-22,Student,Individual,Medium,12,"53153 Andrea Way
East Lynn, OH 58057",USA,2026-01-07,2026-01-06,1116766,76,0,0,14694.28947368421,544203,14,0.7442841843851566,1,1,0,1,3.36,3,0,0.32947868245529977,0,Terror Financing,Smurfing,RULE_120,Multiple suspicious transaction patterns detected.,High-value structured transactions across multiple accounts,618773,0,94813,Edward Rodgers,AML Analyst,670-554-8559x615,Approved,7,High,1,
SAR00425,2026-02-01,Global Trust Bank,Myers-Knight,Port James,Federal Reserve,850-341-0500x75752,1,CUST00425,Jeffrey Bryan,QMCM44747729886448,2018-11-10,Student,Corporate,Low,10,"8441 Christine Orchard Suite 821
Lake Donna, VI 42861",UK,2026-01-29,2026-01-16,1953058,192,0,0,10172.177083333334,230864,28,4.523140350513355,0,1,0,0,9.68,3,0,1.912105177467418,1,Fraud,Layering,RULE_001,Multiple suspicious transaction patterns detected.,High-value structured transactions across multiple accounts,757092,0,389108,Samuel Carney,AML Analyst,+1-341-941-4459x895,Pending,3,Medium,1,
SAR00426,2026-01-22,Unity Financial Services,Rivera-Rose,New Cindyton,Federal Reserve,612-502-7626,1,CUST00426,Michael Munoz,NIPT60326962418924,1921-02-01,Business Owner,Corporate,Low,9,"19437 Washington Landing Apt. 014
Perezhaven, PR 80581",India,2026-02-15,2026-01-03,2974852,43,0,0,69182.6046511628,1535523,30,2.120448493829744,0,0,0,0,1.58,4,1,0.10798392389511968,0,Money Laundering,Structuring,RULE_089,Multiple suspicious transaction patterns detected.,High-value structured transactions across multiple accounts,1846213,0,689761,Leslie Myers,AML Analyst,736.390.0635,Rejected,2,Low,0,
SAR00427,2026-02-08,Global Trust Bank,"Bennett, Ho and Ramirez",Mcintyretown,FDIC,862.696.7038x151,0,CUST00427,James Taylor,BKJL14253528610846,1947-08-01,Trader,Corporate,Medium,6,"799 Lee Squares
Port Shannon, MN 05735",India,2026-01-08,2026-02-15,4629341,156,0,0,29675.26282051282,1731681,30,7.656523367051831,0,0,0,0,1.72,1,0,5.271472942991805,0,Money Laundering,Layering,RULE_001,Multiple suspicious transaction patterns detected.,High-value structured transactions across multiple accounts,3047855,0,1274585,Kathy Barton,AML Analyst,580-294-2869x787,Approved,2,Low,0,
SAR00428,2026-01-31,Secure National Bank,"Kelly, Ford and Campos",East Curtismouth,NCUA,826-356-9234,1,CUST00428,Briana Taylor,UIUC54489315990106,1962-10-09,Trader,Corporate,High,1,"41990 Thompson Ridge
East Mariah, IL 93287",India,2026-01-02,2026-01-09,4664014,141,0,1,33078.113475177306,3499585,3,6.562029803736066,1,1,1,0,5.06,4,0,2.3925886275146393,0,Money Laundering,Structuring,RULE_001,Multiple suspicious transaction patterns detected.,High-value structured transactions across multiple accounts,1717834,1,817582,Deborah Tran,AML Analyst,854.284.5911,Pending,7,High,1,
SAR00429,2026-01-08,Unity Financial Services,"Glover, Grant and Jackson",Port Christopherborough,NCUA,6659201476,1,CUST00429,Steven Waters,BFFE18882363612385,2004-11-22,Engineer,Corporate,Medium,11,"791 Duran Groves
Port Kathryntown, IN 63258",UK,2026-01-16,2026-01-01,402693,19,0,0,21194.36842105263,159468,20,7.298891177035978,0,0,0,0,6.99,0,0,4.582533147650479,1,Fraud,Structuring,RULE_089,Multiple suspicious transaction patterns detected.,High-value structured transactions across multiple accounts,143942,0,58351,Cynthia Chen,AML Analyst,699.866.4469,Approved,0,Low,0,
SAR00430,2026-01-12,Global Trust Bank,Nelson LLC,West Patricia,Federal Reserve,(446)283-7333,1,CUST00430,Mark Johnson,ULZX32603808592988,1998-06-03,Consultant,Corporate,Medium,13,"6162 Reid Streets
Willieton, DE 36597",Singapore,2026-01-22,2026-02-02,4723740,126,0,0,37490.0,4088372,28,6.5260201521544,0,0,0,0,3.25,3,0,4.854976402826635,0,Account Takeover,Mule Network,RULE_120,Multiple suspicious transaction patterns detected.,High-value structured transactions across multiple accounts,2299515,0,249107,Joshua Donovan,AML Analyst,(383)656-0805x62346,Rejected,2,Low,0,
SAR00431,2026-01-02,Global Trust Bank,Frederick-Townsend,South Michael,Federal Reserve,468.497.3649,1,CUST00431,Mary Gonzalez,VOWE31518919864768,2017-02-13,Engineer,Individual,Low,7,"7781 Cynthia Spur
Port Suzannefort, VA 28024",India,2026-01-21,2026-01-15,3704397,30,0,0,123479.9,1996367,35,1.1305296783451013,1,1,1,1,4.66,1,0,5.183996266330651,0,Account Takeover,Rapid Movement,RULE_120,Multiple suspicious transaction patterns detected.,High-value structured transactions across multiple accounts,991168,1,204015,Mrs. Sara Bass,AML Analyst,566.683.1958x1164,Rejected,9,High,1,
SAR00432,2026-01-25,Unity Financial Services,"Brooks, Alvarez and Jackson",Peterfort,FDIC,647-623-4510x90775,0,CUST00432,Ellen Lester,UCKN48264215759726,1982-04-01,Engineer,Corporate,Medium,14,"0334 Joanna Plaza
Lake Alicia, VT 64829",USA,2026-01-13,2026-02-15,1665102,35,0,0,47574.34285714286,989825,39,4.563168205509624,0,0,0,1,7.15,3,0,4.386847028997936,1,Money Laundering,Layering,RULE_120,Multiple suspicious transaction patterns detected.,High-value structured transactions across multiple accounts,873270,1,127471,Stephanie Lyons,AML Analyst,245.525.6263x7647,Approved,4,Medium,1,
SAR00433,2026-02-06,Global Trust Bank,Turner and Sons,Clarkfort,FDIC,001-337-627-1932x503,0,CUST00433,Lori Morales,IZCD77049004932498,1933-11-07,Consultant,Individual,Low,3,"7508 Linda Gardens Suite 245
Lake Ashley, ND 91875",Singapore,2026-01-14,2026-01-25,2765451,117,0,1,23636.333333333332,702389,18,5.615843609669081,0,0,0,0,2.85,2,0,6.95881574368485,0,Fraud,Structuring,RULE_045,Multiple suspicious transaction patterns detected.,High-value structured transactions across multiple accounts,826169,1,803180,Bradley French,AML Analyst,219-677-5325x00541,Rejected,2,Low,0,
SAR00434,2026-01-09,Secure National Bank,Jones Group,Andrealand,NCUA,001-531-937-0108x0585,0,CUST00434,Christopher Roberts,MAQM92185811034465,2002-10-07,Student,Individual,Medium,9,"195 Fisher Village Suite 203
Lake Denise, MI 29764",UAE,2026-01-01,2026-01-21,4149111,104,0,0,39895.29807692308,2938361,24,2.8451195974244414,0,0,0,0,8.63,1,0,9.143404426664835,1,Account Takeover,Smurfing,RULE_120,Multiple suspicious transaction patterns detected.,High-value structured transactions across multiple accounts,1490240,1,399139,Nancy Reed,AML Analyst,720.210.6065x393,Pending,2,Low,0,
SAR00435,2026-02-12,Unity Financial Services,Bishop-Williamson,Jonathanstad,NCUA,962.439.2250,0,CUST00435,Vanessa Harding,DOON64725982985099,1942-07-14,Business Owner,Individual,High,14,"345 Mack Path Suite 186
Lake Rickyland, WA 34300",UAE,2026-01-04,2026-02-07,3923446,25,0,0,156937.84,623636,9,2.562923753692176,0,0,0,0,0.0,4,0,4.456388008221619,0,Account Takeover,Mule Network,RULE_045,Multiple suspicious transaction patterns detected.,High-value structured transactions across multiple accounts,2893096,0,145109,Carrie Wallace,AML Analyst,+1-756-649-6818x7303,Pending,2,Low,0,
SAR00436,2026-01-16,Secure National Bank,Mendoza Ltd,Fergusontown,FDIC,758.778.2852x969,0,CUST00436,Stephen Reese,JVNZ68024638395116,1920-12-25,Engineer,Corporate,Medium,8,"977 Lyons Freeway Suite 410
West Donaldside, MI 65430",India,2026-01-03,2026-02-15,1892145,52,0,0,36387.403846153844,42361,17,3.0145618641066796,0,1,1,1,6.23,0,0,9.498292054863658,1,Terror Financing,Rapid Movement,RULE_120,Multiple suspicious transaction patterns detected.,High-value structured transactions across multiple accounts,1008315,0,545996,Kevin Smith,AML Analyst,001-746-846-4655,Approved,7,High,1,
SAR00437,2026-02-05,Global Trust Bank,Reed Group,Gwendolyntown,Federal Reserve,(254)701-7612x037,1,CUST00437,David Morgan,BUYF14768952817550,2012-11-21,Consultant,Corporate,High,14,"5536 Carol Shores
Mortonberg, LA 53339",UK,2026-02-12,2026-01-09,2555552,5,0,0,511110.4,2397735,42,9.78265463529474,0,0,0,0,3.64,1,0,2.7470503280714365,0,Money Laundering,Mule Network,RULE_120,Multiple suspicious transaction patterns detected.,High-value structured transactions across multiple accounts,1872327,0,700523,Kayla Russell,AML Analyst,001-668-672-6946x69213,Approved,2,Low,0,
SAR00438,2026-02-04,Global Trust Bank,"Smith, Guerrero and Lewis",South Bradley,FDIC,263-713-4124x23791,1,CUST00438,Maria Novak,EBED73679145479026,2019-10-27,Doctor,Individual,Low,6,"373 Earl Lake
Timothyside, KS 43878",UK,2026-01-20,2026-01-15,2993088,54,1,0,55427.555555555555,984907,17,0.3121356033874756,0,0,0,0,3.03,3,0,6.068265635885829,0,Account Takeover,Structuring,RULE_001,Multiple suspicious transaction patterns detected.,High-value structured transactions across multiple accounts,813979,0,779078,Natalie Adams MD,AML Analyst,+1-628-692-8625,Pending,3,Medium,1,
SAR00439,2026-01-29,Unity Financial Services,White LLC,Nathanielfort,NCUA,(768)812-9850x35342,0,CUST00439,Tyler Tran,SUDB24766640394797,1976-02-08,Doctor,Corporate,High,5,"52510 Zoe Spring
Laurieberg, CT 67977",USA,2026-02-09,2026-01-13,1181957,93,0,0,12709.21505376344,991684,15,0.6801023195242051,0,0,0,1,8.62,4,0,2.340577750174991,1,Terror Financing,Mule Network,RULE_089,Multiple suspicious transaction patterns detected.,High-value structured transactions across multiple accounts,271694,0,231983,David Miller,AML Analyst,(240)760-7416x418,Approved,4,Medium,1,
SAR00440,2026-01-09,Global Trust Bank,Schwartz and Sons,Lake Amandafort,Federal Reserve,821-648-7317x541,0,CUST00440,Margaret Hill,ZIXO54719078754798,1927-03-09,Consultant,Corporate,High,14,"058 Harvey Estate
North Kirkburgh, KS 55245",USA,2026-01-10,2026-02-09,2933751,40,0,0,73343.775,2556733,17,5.125762159242116,0,0,0,0,4.71,2,0,0.42200468581298445,0,Account Takeover,Smurfing,RULE_120,Multiple suspicious transaction patterns detected.,High-value structured transactions across multiple accounts,1460353,0,148248,Cassandra Edwards,AML Analyst,001-870-704-9705x764,Pending,2,Low,0,
SAR00441,2026-02-11,Global Trust Bank,"Roberson, Malone and Smith",Port Danielleborough,NCUA,(680)949-2142,0,CUST00441,Melissa Santos,ONUF84695618788962,2018-07-21,Engineer,Individual,Medium,8,"9796 Claudia Port Apt. 308
West Amanda, SD 18441",Singapore,2026-01-03,2026-02-05,2384897,85,1,0,28057.61176470588,1990196,26,1.9710603882365219,0,0,0,0,4.54,3,0,3.7320736910512684,0,Fraud,Rapid Movement,RULE_089,Multiple suspicious transaction patterns detected.,High-value structured transactions across multiple accounts,1182786,0,135279,Jeffrey Watson,AML Analyst,+1-546-632-4712x25177,Rejected,3,Medium,1,
SAR00442,2026-01-12,Global Trust Bank,Sellers-Gonzalez,Lake Kaitlynshire,Federal Reserve,+1-641-944-7191x393,1,CUST00442,Tracey Garcia,EFKG82909359216187,2015-05-15,Engineer,Corporate,Low,3,"869 Rivera Bridge Suite 264
South Haley, GU 65027",UK,2026-02-06,2026-01-11,1546121,110,0,0,14055.645454545454,889807,43,4.225393802238548,0,0,0,0,1.64,3,0,4.309830628472584,0,Money Laundering,Smurfing,RULE_045,Multiple suspicious transaction patterns detected.,High-value structured transactions across multiple accounts,471369,1,260281,Carrie Adams,AML Analyst,+1-575-541-0437,Pending,2,Low,0,
SAR00443,2026-01-06,Global Trust Bank,"Smith, Lopez and Meyer",Ericberg,FDIC,530-822-8028,1,CUST00443,Holly Sanders,XUFF01836923197712,1914-07-10,Engineer,Corporate,Low,1,"75037 Michael Trail Apt. 750
Lake Tammyton, VT 88746",Singapore,2026-01-24,2026-02-15,4252328,84,1,0,50622.95238095238,3305874,33,3.4860246944284565,0,0,0,0,1.83,3,0,8.950338588534368,0,Money Laundering,Mule Network,RULE_001,Multiple suspicious transaction patterns detected.,High-value structured transactions across multiple accounts,2600785,0,83686,Daniel Soto MD,AML Analyst,463.608.4796x3639,Rejected,3,Medium,1,
SAR00444,2026-01-15,Unity Financial Services,Valdez-Montgomery,Jacksonmouth,NCUA,6146499173,0,CUST00444,Lori Carpenter,CGJZ50357314117601,1925-05-22,Business Owner,Corporate,Medium,7,"856 John Mission
Leeview, PR 83534",USA,2026-01-26,2026-02-09,615326,58,0,0,10609.068965517241,134789,5,5.850778163732161,0,0,0,0,3.33,0,0,3.5579312782099306,0,Terror Financing,Mule Network,RULE_001,Multiple suspicious transaction patterns detected.,High-value structured transactions across multiple accounts,313619,0,126986,Jessica Byrd,AML Analyst,001-481-958-5784x22160,Rejected,0,Low,0,
SAR00445,2026-02-07,Unity Financial Services,"Clark, Johnson and Lamb",West Christophermouth,Federal Reserve,+1-533-207-7131x355,0,CUST00445,Andrea Harris,GNNP83745970791083,1961-07-07,Student,Corporate,High,1,"419 Miller Prairie
Lake Matthew, PA 74514",UK,2026-01-16,2026-02-14,155594,117,0,0,1329.8632478632478,150707,32,7.141191409249159,0,0,0,0,3.9,4,0,7.3422780118608335,0,Terror Financing,Rapid Movement,RULE_045,Multiple suspicious transaction patterns detected.,High-value structured transactions across multiple accounts,36263,1,32814,Thomas Herrera,AML Analyst,492.969.0189x99286,Rejected,0,Low,0,
SAR00446,2026-01-26,Global Trust Bank,"Bradshaw, Long and Wood",Kaitlynmouth,Federal Reserve,807.423.7419x87258,0,CUST00446,Kristy Bryant,NMLE70134095972003,1946-08-08,Consultant,Corporate,High,3,"07430 Mark Loop
Williamtown, ND 03335",UK,2026-01-01,2026-01-08,382332,190,1,1,2012.2736842105264,197990,44,8.42949993139107,1,0,1,0,4.51,1,0,8.42371333818322,0,Account Takeover,Rapid Movement,RULE_045,Multiple suspicious transaction patterns detected.,High-value structured transactions across multiple accounts,250948,0,95610,John Rojas,AML Analyst,385.411.4039,Approved,5,Medium,1,
SAR00447,2026-02-06,Secure National Bank,"York, Noble and Wright",Port Glennport,FDIC,001-540-328-6338,0,CUST00447,Peggy Williams,SFVU76456803366413,1998-11-10,Trader,Corporate,Low,1,"USS Bradford
FPO AP 82360",UAE,2026-01-12,2026-01-22,147617,45,1,0,3280.3777777777777,141313,35,6.769767523110285,1,1,0,0,9.96,0,1,3.83534512433977,1,Account Takeover,Rapid Movement,RULE_089,Multiple suspicious transaction patterns detected.,High-value structured transactions across multiple accounts,103623,0,27198,Robert Mendez,AML Analyst,671.544.6357x8171,Rejected,4,Medium,1,
SAR00448,2026-02-01,Unity Financial Services,Cook-Robinson,South Kyleside,FDIC,001-768-294-7237x462,0,CUST00448,Hannah Morales,HTBZ25367837566041,2008-02-29,Doctor,Individual,Low,13,"7488 Hall Turnpike
Melaniechester, VT 19914",UAE,2026-02-09,2026-01-09,961740,163,1,0,5900.245398773006,828375,31,5.127498997939296,1,0,1,1,3.43,1,0,4.036466944934778,0,Fraud,Smurfing,RULE_045,Multiple suspicious transaction patterns detected.,High-value structured transactions across multiple accounts,583964,0,277390,Rebecca Robertson,AML Analyst,(690)927-9078x56935,Rejected,7,High,1,
SAR00449,2026-01-22,Unity Financial Services,Brown LLC,North Aaronbury,Federal Reserve,978.398.7808x11401,1,CUST00449,Amanda Carter,ZRQT26090492266893,1951-03-06,Student,Corporate,High,12,"238 Jose Estates Apt. 430
Lake Aaronborough, MH 76657",India,2026-02-11,2026-01-12,3601219,75,0,0,48016.253333333334,1482310,22,6.933819006148553,0,0,0,0,2.13,4,0,9.526728664990756,0,Fraud,Rapid Movement,RULE_120,Multiple suspicious transaction patterns detected.,High-value structured transactions across multiple accounts,1595037,0,1049592,Amber Malone,AML Analyst,(649)959-9540x924,Rejected,2,Low,0,
SAR00450,2026-02-01,Unity Financial Services,Allison PLC,Jenniferchester,NCUA,(219)384-1664,0,CUST00450,Jessica West,WGPI79504713601576,1936-06-26,Doctor,Corporate,High,12,"398 Cobb Knoll
New Barbara, MD 58940",USA,2026-02-14,2026-01-29,768361,126,1,0,6098.103174603175,389793,1,4.1499775837075425,1,1,1,1,1.13,1,0,7.483608334286197,0,Fraud,Mule Network,RULE_001,Multiple suspicious transaction patterns detected.,High-value structured transactions across multiple accounts,515076,0,166233,Maria Clark,AML Analyst,+1-972-770-7853,Rejected,8,High,1,
SAR00451,2026-02-14,Global Trust Bank,"Brennan, Tucker and Leonard",East Kevin,Federal Reserve,529.646.2193x511,0,CUST00451,Christian Hampton,VBJX04554103350086,1972-05-10,Consultant,Individual,Low,11,"5819 Todd Village
South Robert, FL 88832",India,2026-01-27,2026-01-04,554391,82,0,1,6760.865853658536,317188,3,7.233946888549284,0,0,0,0,4.28,4,0,4.561587411198225,0,Terror Financing,Smurfing,RULE_045,Multiple suspicious transaction patterns detected.,High-value structured transactions across multiple accounts,274653,0,32555,Erin Li,AML Analyst,001-941-373-6252x6824,Approved,0,Low,0,
SAR00452,2026-01-12,Unity Financial Services,"Greene, Cooper and Washington",Grayview,FDIC,413.604.0391x273,1,CUST00452,Adam Johnson,XURV74080468638663,1950-11-24,Engineer,Individual,High,6,"284 Andrew Spur Apt. 286
North Brianshire, GA 26349",Singapore,2026-01-02,2026-01-12,2965356,13,1,0,228104.3076923077,1821344,25,8.748972345979261,0,0,0,0,7.48,4,0,9.418165000501558,1,Terror Financing,Rapid Movement,RULE_001,Multiple suspicious transaction patterns detected.,High-value structured transactions across multiple accounts,1667261,0,509462,Mrs. Alyssa Shaw,AML Analyst,+1-835-539-5242x2152,Approved,3,Medium,1,
SAR00453,2026-01-27,Secure National Bank,Holder-Austin,Lake Brandon,Federal Reserve,941.865.2531x4598,0,CUST00453,Mackenzie Parrish,JRJB11802829205927,1992-01-30,Student,Individual,High,5,"150 Kelley Plaza Apt. 380
Bendertown, FL 37655",USA,2026-02-03,2026-01-15,521031,12,0,0,43419.25,243544,31,2.5523243434428347,0,0,0,0,2.33,1,0,1.1338709555257254,0,Account Takeover,Layering,RULE_089,Multiple suspicious transaction patterns detected.,High-value structured transactions across multiple accounts,329484,0,139756,Carmen Martin,AML Analyst,(953)470-4878x913,Rejected,0,Low,0,
SAR00454,2026-01-30,Unity Financial Services,Roberts-Bernard,Port Thomas,Federal Reserve,6929596144,1,CUST00454,Diane Gregory,DSPH94803174389670,1982-11-08,Consultant,Corporate,Medium,11,"98475 Nicole Hollow
Jacquelineside, AS 76627",Singapore,2026-01-30,2026-01-10,2019751,61,1,0,33110.67213114754,1418285,22,0.9405982022858872,0,0,0,0,7.07,3,0,7.054966519346238,1,Money Laundering,Structuring,RULE_089,Multiple suspicious transaction patterns detected.,High-value structured transactions across multiple accounts,1218046,0,778,Christina Perez,AML Analyst,001-796-700-8516x631,Pending,3,Medium,1,
SAR00455,2026-01-02,Unity Financial Services,Blankenship and Sons,South Robertville,FDIC,839.616.9373,0,CUST00455,Tyler Norris,UHFM88027806473750,1945-04-17,Engineer,Corporate,High,10,"34031 Jessica Stravenue Suite 856
East Trevor, OH 98618",USA,2026-02-11,2026-01-30,4079411,49,1,1,83253.28571428571,1963919,16,7.306790115283902,1,1,0,0,1.18,2,0,9.974229390535541,0,Terror Financing,Layering,RULE_089,Multiple suspicious transaction patterns detected.,High-value structured transactions across multiple accounts,1503851,0,216227,Edwin Davis,AML Analyst,847.636.8098x8529,Approved,6,High,1,
SAR00456,2026-02-13,Global Trust Bank,Maldonado-Pruitt,East Darin,NCUA,+1-748-934-5721,1,CUST00456,Katherine Medina,OEUE84117146564557,1992-09-06,Business Owner,Individual,Low,6,"346 Thompson Way
Wrighttown, MN 19634",USA,2026-02-11,2026-01-10,1633782,150,0,0,10891.88,1296132,39,1.879035887984165,0,0,0,0,2.11,2,0,4.728793222105451,0,Money Laundering,Mule Network,RULE_001,Multiple suspicious transaction patterns detected.,High-value structured transactions across multiple accounts,365064,0,24799,Robert Walker,AML Analyst,(563)688-0508x60031,Approved,2,Low,0,
SAR00457,2026-01-05,Secure National Bank,Williams and Sons,Jamesland,NCUA,(296)325-5400x13830,0,CUST00457,Dawn Pearson,MBPY47149987526038,1931-05-04,Trader,Individual,Low,2,"USNS Smith
FPO AP 74998",USA,2026-02-11,2026-01-12,2984674,93,0,0,32093.2688172043,163988,8,6.7638937805490995,0,0,0,0,3.47,1,0,9.011776232173556,0,Fraud,Structuring,RULE_089,Multiple suspicious transaction patterns detected.,High-value structured transactions across multiple accounts,1941236,0,540126,Christina Henderson,AML Analyst,001-585-977-7285x8751,Approved,2,Low,0,
SAR00458,2026-02-14,Unity Financial Services,Knight PLC,South Garyburgh,Federal Reserve,001-950-326-9909x5268,0,CUST00458,Elizabeth Berg,GGVA54886510528181,1974-10-22,Business Owner,Individual,Medium,9,"6408 Lee Plain
Cookview, HI 03223",USA,2026-01-07,2026-01-25,3776414,98,0,0,38534.836734693876,158329,45,1.2874720287571306,1,0,1,1,7.56,0,0,6.854405223712914,1,Money Laundering,Rapid Movement,RULE_089,Multiple suspicious transaction patterns detected.,High-value structured transactions across multiple accounts,2520390,0,1008834,William Howard,AML Analyst,001-213-704-4256x4640,Approved,8,High,1,
SAR00459,2026-01-30,Unity Financial Services,Jones Group,Bryantton,NCUA,380-566-4512,0,CUST00459,Zachary Hughes,MGOC42545611355440,1977-03-04,Trader,Individual,High,6,"USS Campbell
FPO AP 86931",Singapore,2026-01-11,2026-02-05,1963970,197,0,0,9969.390862944163,1651032,12,7.16325343476028,0,0,0,0,6.42,4,0,2.7742673480097912,1,Terror Financing,Layering,RULE_001,Multiple suspicious transaction patterns detected.,High-value structured transactions across multiple accounts,1150260,0,513166,Vernon Trujillo,AML Analyst,957.205.2924x945,Rejected,2,Low,0,
SAR00460,2026-01-03,Global Trust Bank,"Nelson, Gordon and Roy",Sandrafurt,FDIC,309.416.3199x5529,0,CUST00460,Traci Humphrey,ONIV24835774140116,1960-09-21,Student,Corporate,Low,8,"38754 Ronald Park
West Brandon, HI 74498",Singapore,2026-02-09,2026-01-08,1040340,36,1,0,28898.333333333332,333684,47,8.828364906780791,1,1,1,1,0.53,2,0,7.396216846529949,0,Terror Financing,Layering,RULE_089,Multiple suspicious transaction patterns detected.,High-value structured transactions across multiple accounts,519697,0,52868,Christopher Mcdaniel,AML Analyst,(670)709-1991x806,Approved,10,High,1,
SAR00461,2026-01-01,Secure National Bank,Vargas Group,Georgefurt,FDIC,(831)877-2007,0,CUST00461,Amanda Cox,COFM69213765529433,2005-02-09,Engineer,Corporate,High,10,"8281 Gilmore Junction
Diazchester, OK 30316",India,2026-01-14,2026-01-11,1039023,197,0,1,5274.228426395939,801060,10,7.383512771211947,0,0,0,0,5.82,0,0,8.9756219345316,0,Money Laundering,Smurfing,RULE_120,Multiple suspicious transaction patterns detected.,High-value structured transactions across multiple accounts,372790,1,31166,Gabriel Sims,AML Analyst,+1-766-679-9602,Pending,2,Low,0,
SAR00462,2026-02-15,Unity Financial Services,Butler-Evans,Lake James,NCUA,528-347-0651,0,CUST00462,Ashley Mcguire,FJHR05114543987263,1948-05-24,Student,Individual,Low,13,"Unit 0839 Box 2209
DPO AE 56806",Singapore,2026-01-10,2026-01-19,1433931,87,0,0,16481.96551724138,768445,4,4.795192371113538,0,1,0,0,0.55,2,0,9.85524133255218,0,Account Takeover,Structuring,RULE_120,Multiple suspicious transaction patterns detected.,High-value structured transactions across multiple accounts,763475,1,2301,Austin Fleming,AML Analyst,(942)425-5558x63426,Approved,3,Medium,1,
SAR00463,2026-02-09,Unity Financial Services,Flores LLC,Lisaside,NCUA,001-889-592-5204x454,0,CUST00463,Michael Washington,KDNX33709115959389,2020-10-06,Trader,Individual,High,2,"5582 Martin Alley Suite 529
Reynoldschester, IA 90407",Singapore,2026-01-15,2026-01-24,3041124,198,0,1,15359.212121212122,314799,38,0.9612585173215149,0,0,0,0,5.42,3,1,0.8757456298623822,0,Account Takeover,Mule Network,RULE_001,Multiple suspicious transaction patterns detected.,High-value structured transactions across multiple accounts,1764794,1,190360,Katelyn Peters,AML Analyst,779.863.6539,Approved,2,Low,0,
SAR00464,2026-01-23,Unity Financial Services,Ramirez PLC,Jefferyfurt,Federal Reserve,643-609-1070x84758,0,CUST00464,Kurt Wright,YSSC84827919852516,1951-01-28,Trader,Individual,Low,13,"USCGC Armstrong
FPO AA 28298",UAE,2026-02-07,2026-02-14,2468501,28,1,0,88160.75,1033719,44,1.6393172095320274,0,0,0,0,4.63,0,0,3.0264034063681455,0,Money Laundering,Structuring,RULE_045,Multiple suspicious transaction patterns detected.,High-value structured transactions across multiple accounts,1474739,0,509585,Wanda Rich,AML Analyst,+1-385-268-5065,Rejected,3,Medium,1,
SAR00465,2026-02-12,Unity Financial Services,Stewart PLC,Lake Brandi,Federal Reserve,+1-831-385-8832x9391,0,CUST00465,Ashley Dominguez,JCRF56031380918694,2022-08-19,Doctor,Corporate,Low,6,"936 Cooper Square
Carolstad, SC 96869",UAE,2026-02-10,2026-02-02,4782376,174,0,0,27484.919540229886,1415364,46,2.6203500450687454,1,1,1,0,7.13,0,1,3.7802494943440204,1,Account Takeover,Structuring,RULE_045,Multiple suspicious transaction patterns detected.,High-value structured transactions across multiple accounts,1251871,1,722935,Melvin Ross,AML Analyst,6776526364,Pending,7,High,1,
SAR00466,2026-01-08,Secure National Bank,Mclaughlin-Rodriguez,North Lindseystad,NCUA,908-287-6482x935,1,CUST00466,Kevin Richardson,KQXP24190204743359,1988-10-30,Trader,Individual,Low,6,"1254 Teresa Trace
West Tylermouth, LA 36662",India,2026-02-15,2026-02-14,3856072,33,0,0,116850.66666666667,947639,5,3.3421533726011465,0,0,0,0,8.03,2,0,0.30824618699370254,1,Money Laundering,Layering,RULE_089,Multiple suspicious transaction patterns detected.,High-value structured transactions across multiple accounts,2805379,0,1092907,Breanna Peters,AML Analyst,588-729-3026,Rejected,2,Low,0,
SAR00467,2026-01-09,Global Trust Bank,Martinez Group,West Benjaminfurt,NCUA,(873)309-6720,0,CUST00467,Mrs. Jennifer Massey,IXZR40823682692916,2019-01-02,Engineer,Corporate,Medium,12,"5046 Daniel Plaza Suite 954
West Josehaven, WY 13727",UK,2026-01-12,2026-02-08,596058,50,0,0,11921.16,235796,21,5.814248948690871,0,0,0,0,4.29,2,1,9.368534300910152,0,Account Takeover,Mule Network,RULE_120,Multiple suspicious transaction patterns detected.,High-value structured transactions across multiple accounts,178051,0,47113,Monica Howard,AML Analyst,001-913-208-9244x11373,Approved,0,Low,0,
SAR00468,2026-01-23,Global Trust Bank,Green-Lindsey,Gateshaven,FDIC,403.407.1849x80459,0,CUST00468,Tonya Ayers,DZKT47572204941394,1956-02-09,Doctor,Individual,High,8,"2240 Taylor Stream Apt. 982
Adamhaven, LA 56581",India,2026-01-13,2026-02-15,27551,173,1,0,159.2543352601156,7793,13,3.1835202213601086,1,1,1,0,4.15,2,0,3.625097313221236,0,Money Laundering,Rapid Movement,RULE_001,Multiple suspicious transaction patterns detected.,High-value structured transactions across multiple accounts,15207,0,5399,Nancy Arnold,AML Analyst,001-533-882-5838x4171,Rejected,6,High,1,
SAR00469,2026-02-09,Global Trust Bank,Adams-Smith,West Yvonne,FDIC,967.796.8914,0,CUST00469,Brittany Solis,TDZX73016217693678,1944-01-21,Student,Individual,Medium,6,"USNS Contreras
FPO AA 64472",Singapore,2026-01-01,2026-01-04,755782,22,0,0,34353.72727272727,191256,34,4.118522831444969,1,1,1,1,0.95,3,0,5.282266077271569,0,Money Laundering,Smurfing,RULE_120,Multiple suspicious transaction patterns detected.,High-value structured transactions across multiple accounts,451297,0,205387,Benjamin Brennan,AML Analyst,001-473-555-0157x926,Approved,7,High,1,
SAR00470,2026-01-01,Secure National Bank,Bryant LLC,Port Billy,NCUA,7766275532,0,CUST00470,Deborah Willis,IHDN11633064847136,2010-05-08,Business Owner,Corporate,Low,13,"305 Murphy Pine
Curtisside, AS 53171",USA,2026-01-24,2026-02-08,1639685,109,0,1,15042.981651376147,1034922,13,0.6724063405203662,0,0,0,0,6.15,2,1,0.1363984583588107,1,Terror Financing,Layering,RULE_120,Multiple suspicious transaction patterns detected.,High-value structured transactions across multiple accounts,626247,0,388733,Ryan Williams,AML Analyst,634.547.6210x694,Rejected,2,Low,0,
SAR00471,2026-02-11,Secure National Bank,"Lewis, Sheppard and Doyle",Powellfurt,NCUA,(680)543-8280,0,CUST00471,Samantha Summers,ZZJU77248001099451,1927-04-03,Engineer,Corporate,High,2,"57650 Cannon Run Apt. 797
Jasonton, MN 60626",Singapore,2026-01-10,2026-01-02,2047532,198,0,0,10341.070707070707,824433,48,4.078826101969831,1,0,1,0,4.02,3,1,9.844419535833683,0,Money Laundering,Rapid Movement,RULE_045,Multiple suspicious transaction patterns detected.,High-value structured transactions across multiple accounts,775303,0,476964,Louis Jones,AML Analyst,413-889-3380x296,Pending,6,High,1,
SAR00472,2026-01-08,Global Trust Bank,Johnson-Rice,Smithburgh,Federal Reserve,699-555-8887x1518,0,CUST00472,John Lewis,FIDX94749495442534,1960-10-01,Student,Corporate,High,11,"14588 Martinez Ridge Suite 252
Lake Ethanland, MH 25283",USA,2026-02-09,2026-01-30,2793647,7,0,0,399092.4285714286,2189080,2,8.712646852701573,0,0,0,0,2.24,0,0,0.9382187239544315,0,Money Laundering,Smurfing,RULE_045,Multiple suspicious transaction patterns detected.,High-value structured transactions across multiple accounts,1417916,0,414150,Andrew Wiggins,AML Analyst,(684)646-4232x406,Rejected,2,Low,0,
SAR00473,2026-02-03,Unity Financial Services,Hale-Alvarado,Kellymouth,NCUA,001-535-502-0731,0,CUST00473,Tyler Bowen,QRFJ98830890836389,1911-02-06,Trader,Individual,Medium,7,"4759 Johnson Green Suite 269
West Sharontown, NM 09540",USA,2026-02-02,2026-01-06,4208726,111,0,0,37916.45045045045,847606,37,4.00155272865399,0,0,0,0,8.02,3,0,7.060581146380308,1,Terror Financing,Layering,RULE_045,Multiple suspicious transaction patterns detected.,High-value structured transactions across multiple accounts,2080258,0,1117324,Mr. Cristian Simpson,AML Analyst,421-224-6666,Pending,2,Low,0,
SAR00474,2026-01-02,Unity Financial Services,"Jones, Holt and Jones",West Christopher,FDIC,+1-571-814-8730x0537,0,CUST00474,Aaron Griffith,DWOU81698930063389,2008-10-19,Engineer,Individual,Low,11,"04641 Lee Ferry Suite 177
South Ashleyview, MH 30389",USA,2026-02-09,2026-02-02,1914042,87,0,1,22000.48275862069,334782,23,8.03133088936246,0,0,0,0,1.3,0,0,6.69183652199143,0,Money Laundering,Rapid Movement,RULE_120,Multiple suspicious transaction patterns detected.,High-value structured transactions across multiple accounts,1223962,0,390307,Robert Bryant,AML Analyst,311.207.3376x42945,Rejected,2,Low,0,
SAR00475,2026-01-07,Unity Financial Services,"Reyes, Moore and Mitchell",Sanchezville,Federal Reserve,001-455-883-5311x68800,0,CUST00475,Ricardo Edwards,SDME85008824534608,2024-02-21,Trader,Individual,Medium,3,"6283 Mitchell Gardens Apt. 500
Lake Charles, VT 07393",India,2026-02-05,2026-01-22,3851556,30,0,0,128385.2,740062,45,1.1376195880454942,0,0,0,0,7.12,3,0,8.533464976087238,1,Terror Financing,Rapid Movement,RULE_120,Multiple suspicious transaction patterns detected.,High-value structured transactions across multiple accounts,2765782,1,195081,Margaret Hernandez,AML Analyst,+1-764-783-1122,Approved,2,Low,0,
SAR00476,2026-02-08,Secure National Bank,Smith-Olsen,Garciatown,Federal Reserve,(375)213-4473x83406,0,CUST00476,Jorge Taylor,AVNR90095990679243,2018-07-01,Doctor,Individual,Low,1,"29071 Robinson Glens
North Martha, CA 93072",Singapore,2026-01-06,2026-01-29,4385268,124,0,0,35365.06451612903,1051094,6,4.451066637179942,0,0,0,0,9.98,1,0,3.8140880990312342,1,Money Laundering,Layering,RULE_089,Multiple suspicious transaction patterns detected.,High-value structured transactions across multiple accounts,1247701,0,958887,Regina Smith,AML Analyst,570.267.1538x258,Approved,2,Low,0,
SAR00477,2026-01-12,Secure National Bank,Roth PLC,Richardberg,FDIC,+1-658-743-0868x026,1,CUST00477,Virginia Perry,AINV84999502297559,1984-08-24,Student,Corporate,High,11,"47524 Drake Wells Suite 452
Bradyview, TN 47469",USA,2026-01-03,2026-02-06,121481,168,0,1,723.1011904761905,54810,7,0.789805993662317,0,0,0,0,8.26,1,1,0.38591561938133845,1,Terror Financing,Rapid Movement,RULE_089,Multiple suspicious transaction patterns detected.,High-value structured transactions across multiple accounts,88356,0,4700,Jennifer Murphy,AML Analyst,001-973-221-0991x983,Approved,0,Low,0,
SAR00478,2026-01-16,Secure National Bank,Rush-Munoz,South Danielleshire,Federal Reserve,5836655992,1,CUST00478,James Burke,ICZT69148953011302,1915-11-29,Business Owner,Corporate,Low,11,"USNS Briggs
FPO AP 33216",UAE,2026-02-13,2026-02-13,2796004,48,1,0,58250.083333333336,2073444,30,6.041306288565352,0,0,0,0,0.84,4,0,9.148578059207596,0,Account Takeover,Smurfing,RULE_089,Multiple suspicious transaction patterns detected.,High-value structured transactions across multiple accounts,1149744,0,15410,Mario Burgess,AML Analyst,247-529-8558,Pending,3,Medium,1,
SAR00479,2026-01-21,Unity Financial Services,"Patel, Robinson and Jones",Silvamouth,NCUA,+1-900-744-5589x57070,1,CUST00479,Justin Fernandez,VEIZ62268583655737,1924-04-09,Trader,Corporate,Medium,11,"9132 Carter Turnpike Apt. 957
New Teresa, MI 78223",UK,2026-02-05,2026-01-24,170301,131,1,0,1300.0076335877864,58444,29,7.537806010864153,1,1,0,0,6.6,0,0,3.1484115540873536,1,Fraud,Smurfing,RULE_120,Multiple suspicious transaction patterns detected.,High-value structured transactions across multiple accounts,45995,0,10704,Willie James,AML Analyst,422.731.3847x01535,Rejected,4,Medium,1,
SAR00480,2026-01-24,Global Trust Bank,Torres-Church,Danielberg,Federal Reserve,406.249.4382x31055,0,CUST00480,Robert Dunn,AXJZ75744105921119,1911-06-05,Doctor,Individual,Medium,8,"Unit 8140 Box 6311
DPO AP 20506",UAE,2026-01-19,2026-02-14,1011840,157,0,1,6444.84076433121,232997,18,6.872830044131277,0,0,0,0,5.68,3,0,6.740073564627112,0,Terror Financing,Smurfing,RULE_001,Multiple suspicious transaction patterns detected.,High-value structured transactions across multiple accounts,236659,0,255905,Shannon Dixon,AML Analyst,622-598-0593x478,Rejected,2,Low,0,
SAR00481,2026-01-01,Global Trust Bank,Hansen Ltd,Codymouth,Federal Reserve,001-288-506-0446,0,CUST00481,Brittany Montes,IANW10245426380719,1952-07-27,Student,Individual,High,9,"719 Mariah Street
Cortezmouth, NE 25157",USA,2026-01-24,2026-01-12,2762867,132,0,1,20930.810606060608,2397001,6,6.177269240617943,0,0,0,0,4.98,2,0,2.30084491857475,0,Account Takeover,Rapid Movement,RULE_045,Multiple suspicious transaction patterns detected.,High-value structured transactions across multiple accounts,1225743,1,188675,Christine Smith,AML Analyst,680-697-3974,Pending,2,Low,0,
SAR00482,2026-01-10,Unity Financial Services,Williams-Black,Mcfarlandport,FDIC,309-498-3923x499,0,CUST00482,Scott Davis,HHEB80401532860542,1924-03-31,Student,Corporate,High,1,"64081 Sandra Crescent Apt. 586
Tanyahaven, AS 64226",UAE,2026-02-14,2026-02-08,3812114,112,1,1,34036.732142857145,2616665,42,7.938956551945168,0,0,0,0,7.77,1,0,2.682760204535567,1,Fraud,Mule Network,RULE_045,Multiple suspicious transaction patterns detected.,High-value structured transactions across multiple accounts,856150,1,515763,Chad Vang,AML Analyst,984.329.0900,Rejected,3,Medium,1,
SAR00483,2026-01-08,Unity Financial Services,Roberts-Casey,East Nicole,FDIC,945.636.5861,0,CUST00483,Eric Yu,RWFA57074529394486,1991-07-29,Engineer,Corporate,High,7,"2035 Nicole Manor
East Robert, WY 87623",USA,2026-01-17,2026-02-11,2116278,99,1,0,21376.545454545456,346447,12,1.3865252911330372,0,1,0,1,3.36,3,0,6.317748436527554,0,Money Laundering,Mule Network,RULE_089,Multiple suspicious transaction patterns detected.,High-value structured transactions across multiple accounts,749736,1,107776,Kristina Wheeler,AML Analyst,001-548-364-3120,Rejected,6,High,1,
SAR00484,2026-01-28,Global Trust Bank,Casey-Rodriguez,Robinmouth,NCUA,(752)877-7950x5484,1,CUST00484,Kelly Mccarthy,AHQN14488124859500,2005-02-15,Engineer,Individual,High,7,"4155 Griffin Trace
Johnville, NC 89096",UAE,2026-01-01,2026-01-16,353737,191,0,0,1852.0261780104713,211598,49,8.202768597686545,0,0,0,0,1.3,0,0,2.8249872662096456,0,Account Takeover,Layering,RULE_045,Multiple suspicious transaction patterns detected.,High-value structured transactions across multiple accounts,188575,1,56549,Jasmine Hughes,AML Analyst,227-899-3002x0066,Rejected,0,Low,0,
SAR00485,2026-01-05,Unity Financial Services,Simpson and Sons,Wrightview,NCUA,(480)897-4959,0,CUST00485,Chad Bauer,MAPM54449383020825,1936-02-29,Engineer,Corporate,Medium,13,"324 Cooper Fords
Hernandezland, NY 45208",India,2026-01-31,2026-01-31,1167936,21,0,0,55616.0,141817,36,8.929645917048273,0,0,0,0,4.16,1,0,4.4332032077269865,0,Terror Financing,Mule Network,RULE_045,Multiple suspicious transaction patterns detected.,High-value structured transactions across multiple accounts,644137,1,186509,Stephen Watson,AML Analyst,463-442-0467x943,Pending,2,Low,0,
SAR00486,2026-02-13,Secure National Bank,"Johnson, Webb and Gomez",Williamport,FDIC,(871)503-9053x699,1,CUST00486,Joshua Washington,CKRL97914220827459,2005-03-18,Engineer,Individual,High,3,"920 Michelle Shoal
Alanborough, IL 35984",UAE,2026-01-09,2026-02-07,4332219,78,1,1,55541.269230769234,807491,1,2.475645081417847,0,0,0,0,3.86,2,0,4.279146901877854,0,Fraud,Mule Network,RULE_120,Multiple suspicious transaction patterns detected.,High-value structured transactions across multiple accounts,1379743,0,889976,Tammy Gomez,AML Analyst,916-326-0911x20978,Approved,3,Medium,1,
SAR00487,2026-02-02,Global Trust Bank,Cook PLC,Yolandafort,Federal Reserve,3626270438,0,CUST00487,Jennifer Cooper,MQPY77736962996623,2003-09-30,Doctor,Corporate,Low,14,"35513 Gwendolyn Green
Douglasburgh, OK 55069",USA,2026-01-24,2026-01-02,4670770,46,1,1,101538.47826086957,1321461,22,3.310162594948949,1,1,0,1,6.79,0,0,1.2693605767417637,1,Fraud,Smurfing,RULE_045,Multiple suspicious transaction patterns detected.,High-value structured transactions across multiple accounts,3550575,1,327340,Ariana Davis,AML Analyst,830.550.3302,Approved,8,High,1,
SAR00488,2026-01-10,Unity Financial Services,Velasquez-Lopez,North Brenda,FDIC,351-934-9589x8099,0,CUST00488,Micheal Garcia,QPBN56130233752754,1968-04-10,Trader,Individual,High,10,"62443 Turner Trail Apt. 167
East Alexanderview, HI 56172",Singapore,2026-02-12,2026-01-03,4942985,9,0,0,549220.5555555555,2958661,5,7.906029647697554,0,0,0,0,6.16,4,0,4.154933966959144,1,Account Takeover,Layering,RULE_120,Multiple suspicious transaction patterns detected.,High-value structured transactions across multiple accounts,2183146,0,817285,Jeffrey Ortiz,AML Analyst,+1-271-721-4971x322,Approved,2,Low,0,
SAR00489,2026-01-27,Secure National Bank,Arnold-Vasquez,Jamesview,FDIC,564.643.4934x896,1,CUST00489,Vincent Olson,CPDR31145650060286,2000-10-12,Consultant,Individual,High,4,"277 Brown Mill Suite 519
Johnside, HI 44430",UAE,2026-01-23,2026-01-22,4973901,195,0,1,25507.184615384616,3205890,47,2.522528338551704,0,0,0,0,1.03,2,0,1.261950910262366,0,Account Takeover,Layering,RULE_045,Multiple suspicious transaction patterns detected.,High-value structured transactions across multiple accounts,3017849,0,716376,Amber Lane,AML Analyst,(585)321-2529x3960,Pending,2,Low,0,
SAR00490,2026-01-18,Unity Financial Services,Arnold-Mcgee,West Joshuashire,NCUA,3798345733,1,CUST00490,Hannah Ford,FFHZ00119947586273,2014-12-21,Trader,Individual,Low,10,"79029 Sawyer Gateway Suite 939
New Alexisstad, ID 71128",UAE,2026-01-07,2026-01-13,2035888,85,0,0,23951.623529411765,1444918,30,3.6318912371622503,0,0,0,0,4.36,2,0,4.8639162808889385,0,Terror Financing,Smurfing,RULE_001,Multiple suspicious transaction patterns detected.,High-value structured transactions across multiple accounts,771744,0,175993,Hayley Griffith,AML Analyst,926.381.0178x82667,Rejected,2,Low,0,
SAR00491,2026-02-12,Global Trust Bank,"Reid, Booth and Jennings",South Katiebury,FDIC,(836)344-7239x182,0,CUST00491,Thomas Hernandez,CMZX58799377225575,2023-01-25,Trader,Individual,Medium,12,"040 Cook Ways
North Nathanmouth, PR 61056",UK,2026-01-20,2026-01-24,202170,89,1,0,2271.5730337078653,25951,25,8.682970181613278,0,1,0,0,2.05,4,0,1.3518305417143006,0,Account Takeover,Layering,RULE_045,Multiple suspicious transaction patterns detected.,High-value structured transactions across multiple accounts,124762,0,13994,Ryan Moreno,AML Analyst,+1-202-559-1570x80673,Rejected,2,Low,0,
SAR00492,2026-01-31,Secure National Bank,Reid Group,Bakerborough,Federal Reserve,001-923-779-9076x6769,1,CUST00492,Laura Payne,WQYA99734886813523,1972-11-29,Engineer,Individual,Low,14,"3118 Cook Drives
Wheelerland, MD 68195",USA,2026-02-14,2026-02-08,1592916,161,0,0,9893.888198757764,155943,24,5.670123254201722,0,0,0,0,9.31,4,0,4.35230718009424,1,Terror Financing,Layering,RULE_001,Multiple suspicious transaction patterns detected.,High-value structured transactions across multiple accounts,1223527,0,418111,Lisa Valentine,AML Analyst,001-559-220-3495x081,Rejected,2,Low,0,
SAR00493,2026-01-09,Global Trust Bank,Dixon-Freeman,New Ashley,Federal Reserve,(915)806-8521,1,CUST00493,Kristina Cole,LQFI06761799199711,1952-02-22,Engineer,Corporate,Low,13,"497 Melissa Hollow
Vanessamouth, CA 50235",USA,2026-01-28,2026-01-23,2227854,60,0,0,37130.9,920108,29,5.578101257354344,0,0,0,0,5.63,1,1,8.712769881211571,0,Account Takeover,Rapid Movement,RULE_001,Multiple suspicious transaction patterns detected.,High-value structured transactions across multiple accounts,702997,0,600047,Vincent Morris,AML Analyst,298.972.7456,Rejected,2,Low,0,
SAR00494,2026-01-21,Unity Financial Services,"Johnson, Young and Patterson",Jenniferville,NCUA,767.649.3263,0,CUST00494,Lisa Marquez,TEDG09156003783735,1994-09-24,Trader,Individual,Low,6,"PSC 5947, Box 8397
APO AE 02047",UK,2026-01-21,2026-02-04,2307690,29,0,0,79575.5172413793,727153,15,5.893316449477281,1,1,0,0,5.48,2,1,1.5265816454078374,0,Account Takeover,Mule Network,RULE_045,Multiple suspicious transaction patterns detected.,High-value structured transactions across multiple accounts,1444853,0,16910,Shannon Dennis,AML Analyst,001-803-521-7777,Pending,5,Medium,1,
SAR00495,2026-01-23,Secure National Bank,"Dominguez, Mendez and Torres",Amandaland,NCUA,736-794-0412,1,CUST00495,Jonathan Bishop,SCPC01208882288817,1977-07-01,Engineer,Individual,High,10,"PSC 2629, Box 8546
APO AA 58907",USA,2026-02-12,2026-01-09,3952061,147,0,1,26884.768707482992,2009676,3,2.161358123109207,0,0,0,0,7.98,3,0,6.227412763774776,1,Fraud,Layering,RULE_089,Multiple suspicious transaction patterns detected.,High-value structured transactions across multiple accounts,1769352,1,298556,Henry Lee,AML Analyst,001-484-977-6376x207,Approved,2,Low,0,
SAR00496,2026-02-10,Unity Financial Services,"Ferguson, Martin and Perry",Thomasstad,NCUA,(484)804-4585x66663,0,CUST00496,Benjamin Washington,LEDV20508033243211,1984-06-23,Business Owner,Individual,Medium,9,"06358 Burke Branch Suite 270
Lake Marc, GU 08436",UK,2026-01-31,2026-01-03,1837760,12,1,0,153146.66666666666,350215,31,4.760207068801199,0,0,0,0,3.2,1,0,6.960314069891137,0,Terror Financing,Structuring,RULE_001,Multiple suspicious transaction patterns detected.,High-value structured transactions across multiple accounts,745184,0,38397,Matthew Wright,AML Analyst,708-263-0438x26141,Pending,3,Medium,1,
SAR00497,2026-01-05,Unity Financial Services,Mercado-Baker,Port Lauren,NCUA,709.872.4409,0,CUST00497,Michael Macias,SARM35066642548722,1921-12-25,Doctor,Corporate,Low,3,"840 Phillip Haven Suite 293
Nguyenmouth, MH 35426",USA,2026-01-06,2026-01-14,4832976,104,0,0,46470.92307692308,63031,10,5.097355100039371,0,0,0,0,0.26,4,0,3.293780670342177,0,Money Laundering,Layering,RULE_120,Multiple suspicious transaction patterns detected.,High-value structured transactions across multiple accounts,2671075,1,639800,Steven Colon,AML Analyst,699-504-2266x21321,Rejected,2,Low,0,
SAR00498,2026-01-25,Unity Financial Services,"Lucas, Peters and Hall",West Brendaburgh,Federal Reserve,(306)292-7393x93773,0,CUST00498,Jordan Johnson,PTDK23452459678400,1962-02-21,Student,Individual,Low,10,"313 Laura Path
Lake Lori, NE 40398",UK,2026-02-07,2026-01-30,1257876,144,1,0,8735.25,601222,21,9.694393756758783,1,1,0,0,6.44,1,0,2.5903514410334716,1,Terror Financing,Rapid Movement,RULE_001,Multiple suspicious transaction patterns detected.,High-value structured transactions across multiple accounts,786431,0,15219,David Bennett,AML Analyst,(368)333-3815x98715,Rejected,6,High,1,
SAR00499,2026-01-17,Unity Financial Services,Craig-Mcbride,Pamelamouth,FDIC,205.268.0709x599,1,CUST00499,Erika Scott DDS,PPKS35554743157071,2003-07-27,Student,Corporate,Medium,11,"3463 Cynthia Row
Burnsmouth, KS 95481",India,2026-01-20,2026-02-02,3846829,23,1,1,167253.4347826087,2110039,31,7.93632414255581,1,1,1,1,3.81,0,0,1.0539693482914003,0,Account Takeover,Layering,RULE_120,Multiple suspicious transaction patterns detected.,High-value structured transactions across multiple accounts,1195558,0,627271,Charlene Smith,AML Analyst,+1-622-367-2298,Approved,10,High,1,
